RNN error,MSNN error
0.21131424605846405,-1.5150268077850342
-0.37305164337158203,0.07668930292129517
-0.25219523906707764,-0.1363934874534607
-0.1363886296749115,-0.07620300352573395
0.32373517751693726,0.07467848062515259
0.42556509375572205,0.08381746709346771
-0.1470317840576172,0.10016581416130066
-0.11364662647247314,0.03271641582250595
0.8037714958190918,0.03462403267621994
-1.0856897830963135,0.06440053880214691
-0.7144351601600647,0.029102742671966553
-0.7697619199752808,0.0008717179298400879
-0.417050838470459,-0.05199316143989563
-0.3080158829689026,0.13266615569591522
-0.2114620804786682,-1.204735279083252
-0.14670348167419434,-0.1386016309261322
0.2060490846633911,-0.08339205384254456
0.29788073897361755,0.02412189543247223
0.49238693714141846,-0.06895415484905243
0.33402490615844727,-0.01507580280303955
0.2906556725502014,0.23657117784023285
0.2843478322029114,-0.5242670774459839
0.058336347341537476,-0.381231427192688
0.05840201675891876,-0.431535542011261
0.07830749452114105,-0.3418876528739929
0.07372306287288666,0.024260781705379486
0.17237010598182678,0.02701764553785324
0.07193173468112946,-0.13374871015548706
0.23265108466148376,0.07714758813381195
0.23208406567573547,0.1359102427959442
0.2625771760940552,-0.7773416042327881
0.04329843819141388,-0.6626186370849609
0.12897728383541107,-0.6160825490951538
0.33171355724334717,-0.5145171880722046
-0.3642120361328125,-0.489266037940979
-0.1405819058418274,0.002922356128692627
0.3813943862915039,0.08292906731367111
0.024180710315704346,0.11192484945058823
0.19031400978565216,0.15640155971050262
0.15962441265583038,-1.245273470878601
0.2386978268623352,-0.5957082509994507
0.2105323225259781,-0.557296633720398
0.22232350707054138,-0.19072353839874268
0.2419397383928299,0.11085671186447144
0.2429182380437851,-0.1541956663131714
-0.04159128665924072,-0.11667382717132568
0.30227798223495483,0.2609368562698364
0.3603823781013489,0.2371058315038681
0.4280420243740082,0.14975550770759583
-0.6366620063781738,0.5114988088607788
-0.5107738971710205,0.21411098539829254
-0.2727500796318054,0.13409589231014252
0.4493732154369354,0.07529670000076294
0.1356816589832306,0.13826517760753632
-0.09698128700256348,-0.18502676486968994
0.3392174541950226,-0.07308873534202576
-0.10475873947143555,-0.048140764236450195
-0.022302061319351196,-0.07141244411468506
0.06453900039196014,-0.2544667720794678
0.14552246034145355,0.08515019714832306
0.24935749173164368,-0.05498141050338745
0.2534528374671936,0.0949973315000534
0.26069143414497375,-0.24755552411079407
0.24842385947704315,-0.01851537823677063
0.25821158289909363,0.03707113862037659
-0.5616967678070068,-0.8983116149902344
-0.25071054697036743,-0.16777881979942322
-0.1514630913734436,-0.08359628915786743
-0.024508684873580933,0.022754445672035217
0.10049520432949066,0.06686536967754364
0.22687062621116638,0.1302938163280487
-1.612288475036621,-0.18612509965896606
-0.1381189227104187,0.118061363697052
0.04896518588066101,0.12575045228004456
0.18352466821670532,0.14455342292785645
-1.51528799533844,0.2047494798898697
-1.6256699562072754,0.3164553940296173
-1.7018558979034424,-0.9082353115081787
0.17958393692970276,0.3662487864494324
0.16194793581962585,0.4384358823299408
0.18474967777729034,0.18051713705062866
-0.8091063499450684,-1.5921305418014526
-0.9384554624557495,-1.795401930809021
-0.8146340847015381,-1.8263195753097534
0.07826653122901917,-0.13631954789161682
-0.6624254584312439,-0.07232391834259033
-0.5427318215370178,-0.0367642343044281
-0.37742602825164795,0.16372555494308472
0.09453299641609192,0.11124826967716217
-0.07720822095870972,0.14368045330047607
0.002351105213165283,-0.8570592403411865
0.4971829652786255,-1.1591370105743408
0.6514711380004883,-0.8506044149398804
0.6477811336517334,-0.6506414413452148
0.10581988096237183,-1.1059939861297607
0.7349156141281128,-0.9415602684020996
0.3084409534931183,-0.8812670707702637
0.35852187871932983,-0.7906540036201477
0.34275728464126587,-0.7226254940032959
0.5043594837188721,-0.5435530543327332
0.4834190905094147,0.005606532096862793
0.4184250235557556,-0.20203042030334473
0.1863858997821808,-0.38621023297309875
0.35042834281921387,0.06520596146583557
0.09618508815765381,0.08361165225505829
0.287391722202301,0.15142378211021423
0.37140145897865295,0.11368045210838318
0.3899960517883301,0.14368045330047607
0.3573269844055176,-0.9683112502098083
0.25888878107070923,-0.7250755429267883
-0.0982498824596405,-0.7860718965530396
-0.011238396167755127,-0.7933651208877563
0.08453987538814545,-0.5801788568496704
0.2643572688102722,-0.01275983452796936
-0.9875943064689636,0.18893763422966003
-1.0676918029785156,0.21584637463092804
-0.9116311073303223,0.08368045091629028
-0.7873087525367737,0.1536804586648941
-1.1757367849349976,0.07234358787536621
-1.1351356506347656,0.08097392320632935
-1.0305275917053223,-0.11345630884170532
-0.873647928237915,-0.12310671806335449
-0.6818049550056458,-0.15951204299926758
-0.5034709572792053,-0.7049602270126343
0.13205087184906006,0.20220373570919037
-0.25769221782684326,-0.08631953597068787
-0.2413998246192932,-0.043846726417541504
0.2228088676929474,-0.0371859073638916
0.2268507331609726,-0.20999479293823242
0.3179018497467041,0.06720280647277832
0.2934287190437317,0.205224871635437
0.31406909227371216,0.2830723524093628
-1.600542664527893,0.25461113452911377
-1.3993405103683472,0.0906074047088623
-1.042710781097412,0.1825922727584839
0.6746916174888611,-0.443881630897522
-0.8374921083450317,-0.27138155698776245
-0.738555908203125,-0.2354786992073059
0.6621015667915344,-0.07139584422111511
-0.641975998878479,-0.024277418851852417
0.4818602502346039,0.2597860097885132
0.5135540962219238,0.16368044912815094
-0.2948940694332123,0.26485395431518555
-0.2878115773200989,0.009787797927856445
0.22145847976207733,-0.13870304822921753
0.2990226149559021,-0.29254379868507385
-0.19639745354652405,0.19491076469421387
0.09491297602653503,-1.4594905376434326
-0.01095244288444519,-0.5648887157440186
0.08580601215362549,0.18275317549705505
0.17315445840358734,0.08644789457321167
0.2808828353881836,0.1633146107196808
0.1667395383119583,-0.5226212739944458
0.32478782534599304,-0.05810317397117615
0.356405645608902,-0.07619577646255493
-0.15223437547683716,0.019944041967391968
-0.06623014807701111,0.10086369514465332
0.3148059546947479,0.0036804527044296265
0.06827940046787262,0.028525829315185547
0.21799561381340027,-0.08948516845703125
0.21660837531089783,-0.044990479946136475
0.23335902392864227,0.17816784977912903
-1.2742522954940796,0.27813905477523804
-1.1518903970718384,0.2771346867084503
-1.0220187902450562,0.16368044912815094
-0.8856353163719177,0.10368045419454575
0.18954657018184662,0.347775936126709
0.5165037512779236,0.2873295545578003
0.7552440166473389,0.22727155685424805
0.035234034061431885,0.15706729888916016
-1.075474500656128,0.11143338680267334
-1.0050004720687866,0.452026903629303
-0.906700849533081,0.4204508364200592
-0.850652813911438,0.16894501447677612
-0.8201202154159546,-1.6263233423233032
-0.8095811605453491,-1.0231577157974243
-0.7998608350753784,0.23833626508712769
-0.8003443479537964,0.2934822142124176
-0.8182045221328735,0.7248336672782898
-0.7852208614349365,-0.017395496368408203
-0.7104552984237671,0.10830730199813843
-0.9181900024414062,0.48556604981422424
-0.2996480464935303,0.22504764795303345
-0.509118914604187,0.04010787606239319
-0.1937481164932251,0.12025249004364014
0.06365573406219482,-0.1412084847688675
0.1713077425956726,-0.615807294845581
0.12722331285476685,-0.5146280527114868
0.22152307629585266,-0.4969177544116974
0.3821464776992798,-0.3706686794757843
0.2667854130268097,-0.41631951928138733
0.2307617962360382,-0.05556032061576843
0.07995659112930298,0.1111905574798584
-0.12726300954818726,0.28526800870895386
-1.6320768594741821,-0.576766312122345
0.3025470972061157,-0.44511377811431885
-1.6587026119232178,-0.2658103108406067
-1.665486454963684,-0.42990556359291077
-1.6404310464859009,-0.018863976001739502
-1.6271910667419434,0.1630004644393921
-1.3126051425933838,-0.007290780544281006
-0.8912389874458313,0.11045399308204651
-0.4859877824783325,0.11052191257476807
-0.28944313526153564,-0.2312259078025818
-0.35679227113723755,0.11368045210838318
-0.04782390594482422,-0.006910890340805054
0.009679853916168213,0.07857367396354675
-0.09752219915390015,-0.033195674419403076
0.07025504112243652,-0.10708993673324585
-0.09742695093154907,-1.5983211994171143
-0.055303335189819336,-1.4868645668029785
0.1982654333114624,-1.6020574569702148
0.0615273118019104,-0.5893290638923645
0.13445386290550232,-0.9142131209373474
0.0037491917610168457,-0.9300001859664917
0.08972221612930298,-0.8804914951324463
-0.24091395735740662,-0.5135091543197632
0.2727546989917755,-0.3456611633300781
-0.5936651229858398,-0.19190427660942078
0.05322107672691345,0.3688601851463318
0.07952079176902771,0.5484383702278137
0.24761922657489777,0.5985932350158691
-0.20489174127578735,0.2791597247123718
-0.10663199424743652,0.053680457174777985
-0.007572591304779053,-1.4914891719818115
0.09154357016086578,-1.6736559867858887
0.18089307844638824,-1.597493290901184
0.2900388836860657,-1.5119383335113525
0.30892103910446167,-1.39838445186615
-0.0933319628238678,-1.5133731365203857
0.06867389380931854,-1.3190356492996216
0.20308232307434082,-1.1922686100006104
0.11436422914266586,-1.3168169260025024
0.1983392834663391,-1.5541232824325562
-1.1163952350616455,-1.6913297176361084
0.17600217461585999,-0.14773917198181152
-0.0800430178642273,-0.195625901222229
0.053835973143577576,-0.23070549964904785
0.1959904432296753,-0.24887418746948242
-0.18504533171653748,-0.31056296825408936
0.029209256172180176,-0.11729133129119873
0.20069624483585358,-0.06193995475769043
0.1504184603691101,-0.5663578510284424
0.22453801333904266,-0.6921049356460571
0.36996519565582275,-0.24058318138122559
0.026057779788970947,-0.8627960085868835
0.3533092737197876,-0.8449497222900391
0.20016977190971375,-0.8000208735466003
0.27976226806640625,-0.3301386833190918
-0.38736796379089355,-0.2637940049171448
-0.2648913264274597,-0.15830928087234497
-0.30386653542518616,0.3928523063659668
0.2818962335586548,-0.025901049375534058
-0.25537624955177307,0.03130084276199341
0.3141121566295624,0.08799561858177185
-0.6303037405014038,1.4317049980163574
-0.6102784872055054,1.6410646438598633
-0.4487174153327942,1.7685277462005615
-0.3793044984340668,0.14713189005851746
0.18073880672454834,-0.8822053670883179
-0.21788907051086426,-0.048499226570129395
0.021570846438407898,-0.06611764430999756
0.055674418807029724,0.3166634440422058
0.20486870408058167,-0.3146600127220154
0.06303606927394867,-0.22839677333831787
0.1646447777748108,-0.7426096796989441
0.04890181124210358,-0.6861478090286255
0.21433545649051666,-0.1804744005203247
-0.14913518726825714,0.20773416757583618
-0.044150352478027344,0.04799443483352661
0.05697371065616608,0.23862403631210327
0.1819380223751068,0.0804796814918518
0.2658425271511078,0.1637054681777954
-0.587216854095459,0.12948933243751526
-0.33160585165023804,-0.8110164999961853
-0.14872384071350098,-0.7825780510902405
0.0019849538803100586,-0.5326260328292847
0.09230059385299683,-0.034470200538635254
-0.5494819283485413,0.005787312984466553
0.4764461815357208,0.057676076889038086
0.45330625772476196,0.2872224748134613
-1.4323534965515137,0.08930414915084839
0.6397863030433655,-0.09631955623626709
-1.2040069103240967,-0.03657388687133789
-1.0746393203735352,0.16126689314842224
-0.990642786026001,0.08211983740329742
-0.9552379846572876,-1.099327564239502
-0.9594898223876953,-0.9086220264434814
-0.9672462940216064,-0.6588802337646484
-0.8962907791137695,-0.5995766520500183
-0.864177405834198,0.2885996103286743
-0.3631446361541748,-0.34994375705718994
-0.4369205832481384,-0.5163195133209229
-0.6969212889671326,-0.15899324417114258
-0.647140622138977,0.07423651218414307
-0.5981906056404114,0.9590654373168945
0.423153281211853,0.3112981915473938
0.5572624802589417,0.004110157489776611
0.3547289967536926,0.16150213778018951
0.4151464104652405,0.09064935147762299
-0.31145110726356506,-0.014871358871459961
0.380808025598526,0.4333665370941162
0.26727545261383057,0.21519941091537476
-0.08097279071807861,0.5430601835250854
0.3552381992340088,-0.09877079725265503
-0.437020480632782,-0.06482258439064026
0.1850333958864212,0.05420815944671631
0.2786746919155121,0.07833194732666016
-0.24674969911575317,0.004413306713104248
-0.11985236406326294,0.16386011242866516
0.24712875485420227,-0.13891252875328064
0.05425703525543213,-0.18907371163368225
0.16258855164051056,-0.1656893938779831
0.2702029347419739,-0.47856760025024414
-0.26450052857398987,-0.5939353704452515
0.26642945408821106,-0.5131685137748718
-0.06426107883453369,-0.3397672772407532
0.3099783957004547,0.0074236392974853516
0.32223910093307495,0.08406060934066772
0.24359196424484253,0.3607499897480011
0.3232760429382324,-0.023795664310455322
0.26481208205223083,0.29717594385147095
0.2742933928966522,0.29694664478302
0.13543076813220978,0.2287943959236145
0.23646625876426697,0.2182924598455429
0.36708739399909973,0.2109774798154831
0.4073892831802368,0.34949949383735657
0.05039522051811218,0.11233890056610107
0.5752508640289307,0.10657104849815369
0.6056158542633057,0.19182729721069336
0.44084686040878296,0.34036731719970703
0.5665701627731323,0.03512643277645111
0.5124952793121338,-0.32407113909721375
0.4691639542579651,-0.13411664962768555
0.22188366949558258,0.008663952350616455
0.4020756781101227,-0.014062881469726562
0.3809494376182556,0.05224347114562988
0.394299179315567,0.11674335598945618
0.10532063245773315,-0.013355851173400879
0.33330628275871277,0.548351526260376
-0.6447979211807251,0.5221437215805054
-0.3856034576892853,0.11298346519470215
-0.284570574760437,0.11229044198989868
0.08380621671676636,0.24490851163864136
0.17259669303894043,0.14545273780822754
0.1573924422264099,0.175542950630188
0.18749867379665375,0.22426864504814148
0.03735587000846863,0.2769508361816406
0.4613542854785919,0.049368590116500854
0.41816264390945435,-0.052684128284454346
-1.1066582202911377,0.14737766981124878
0.5345458984375,-0.05385857820510864
-0.7616336345672607,-0.06018894910812378
-0.5684399604797363,-0.06133478879928589
-0.3447641134262085,0.14559274911880493
-0.4167378544807434,0.7993561625480652
-0.03752654790878296,-0.038375675678253174
0.24283292889595032,-0.22452902793884277
0.2817273736000061,-0.2624567747116089
0.3329075276851654,-0.2627001404762268
0.27749305963516235,-0.20944225788116455
0.20642516016960144,-0.031168997287750244
-0.026589781045913696,0.058184266090393066
0.19129683077335358,0.060290902853012085
0.029677435755729675,-0.05347815155982971
0.24148239195346832,-0.1017063707113266
0.2150726616382599,-0.77079838514328
-0.3716232478618622,-0.6134335398674011
-0.2607074975967407,-0.3937869071960449
-0.14912471175193787,-0.2801995873451233
-0.045523762702941895,-0.1769183874130249
0.24841271340847015,-0.08168870210647583
0.18655593693256378,-1.2538597583770752
0.22536535561084747,-1.2323881387710571
0.19658103585243225,-1.2509241104125977
-0.7580597400665283,-1.3985041379928589
-0.6610168218612671,-1.4293975830078125
-0.5634188055992126,-1.1511549949645996
-0.007514774799346924,-1.0658507347106934
0.09624430537223816,-0.9745352268218994
0.21230460703372955,-0.8013626337051392
-0.12509813904762268,-0.7398056387901306
-0.012388467788696289,-0.5866401791572571
0.06943781673908234,0.2467387318611145
0.21871578693389893,0.09573331475257874
0.2125295102596283,-0.06909823417663574
0.2017432004213333,-0.02535995841026306
-1.01297128200531,0.021221399307250977
-0.8661001920700073,0.02126815915107727
-0.5960075855255127,-0.025800034403800964
-0.5466840267181396,0.00926905870437622
-0.17356938123703003,-0.03153735399246216
0.14168670773506165,0.07073430716991425
0.39116403460502625,0.03313460946083069
0.22959214448928833,0.01865795999765396
0.2919498085975647,0.040857985615730286
0.14943835139274597,0.058820318430662155
0.08235155045986176,0.0710892304778099
0.16414931416511536,0.07165146619081497
0.14099445939064026,0.36571916937828064
0.23074518144130707,0.35358646512031555
0.15990504622459412,0.7947365641593933
0.17310258746147156,-0.43043792247772217
-0.28180670738220215,-0.2990121841430664
-0.11690300703048706,-0.28906571865081787
0.054868340492248535,-0.15768027305603027
0.15012907981872559,-0.20382416248321533
0.16168422996997833,-0.17524826526641846
0.26735544204711914,-0.1551913022994995
-1.0802303552627563,-0.04485434293746948
-0.6365595459938049,0.0015607774257659912
-0.16268882155418396,0.15545929968357086
0.13617831468582153,0.003753557801246643
0.1438409388065338,0.02896733582019806
0.07108592987060547,0.127083882689476
0.16567908227443695,-0.009442329406738281
-0.0586891770362854,-0.0199902206659317
0.048477426171302795,-0.004046425223350525
0.15499617159366608,-0.011431053280830383
0.261800080537796,0.08915253728628159
0.20608654618263245,-0.02175988256931305
0.12857604026794434,0.14896062016487122
0.24000206589698792,0.09382636100053787
-0.6492381691932678,0.12121791392564774
-0.45823559165000916,0.29636719822883606
-0.23618894815444946,-0.5286185145378113
-0.006448864936828613,-0.03730803728103638
0.13964372873306274,0.3542585074901581
0.7084694504737854,-0.08524924516677856
0.6974241733551025,0.0005108565092086792
0.6113008856773376,-0.039205409586429596
0.5987715721130371,0.06067972630262375
-0.376211941242218,0.0782991349697113
-0.34787625074386597,0.07881878316402435
-0.1788524091243744,0.2149776816368103
0.21047697961330414,0.2124827653169632
0.2797369956970215,0.8112385272979736
0.2482999861240387,-0.11798667907714844
-0.05195051431655884,-0.2908242344856262
0.03372327983379364,-0.20812886953353882
0.12375371158123016,0.4304608702659607
0.22644758224487305,0.08380019664764404
-0.08184108138084412,-0.1809762418270111
0.01536288857460022,0.16610635817050934
0.20094342529773712,-0.30883538722991943
0.22167034447193146,-0.21423396468162537
-1.450725793838501,-0.11375169456005096
-0.6371691823005676,-0.021045222878456116
0.17518502473831177,0.09517176449298859
0.1484149694442749,0.07005500793457031
0.2765582203865051,0.07983386516571045
0.3181608021259308,0.07073654234409332
0.5737304091453552,0.08054114133119583
0.7873960733413696,-0.32287076115608215
0.007313847541809082,0.12048143893480301
0.8007152676582336,0.23717047274112701
0.9726633429527283,0.2005341351032257
-0.9372924566268921,0.2608495354652405
-0.9274033308029175,0.2663227915763855
-0.9418457746505737,0.28052079677581787
-0.9699499607086182,0.440951406955719
0.8516578078269958,0.43740373849868774
-0.9973748922348022,0.03765550255775452
-1.029435396194458,0.1957581639289856
-1.097754716873169,0.23451130092144012
-0.8594985604286194,0.22069983184337616
-0.793667733669281,0.21697281301021576
-0.9017615914344788,0.04083295911550522
-0.6676534414291382,-0.47691798210144043
-0.6035815477371216,-0.5784116983413696
-1.1791008710861206,-0.48440754413604736
-0.07117122411727905,1.0161561965942383
-0.4044719934463501,-0.5369545221328735
-0.3362271189689636,-0.4699589014053345
0.13408440351486206,0.7349186539649963
-0.3639461398124695,-0.42015671730041504
0.2823016047477722,0.550811767578125
-0.04066520929336548,0.5554011464118958
0.04079952836036682,-0.22783678770065308
0.12380090355873108,-0.2981885075569153
0.20857389271259308,0.2279270440340042
0.35644063353538513,0.3093909025192261
0.21439339220523834,-0.2087085247039795
-0.5057117938995361,0.11551311612129211
-0.07352951169013977,-0.04245257377624512
0.01986980438232422,0.07434976100921631
0.11502525210380554,0.13259382545948029
0.2103341966867447,0.2162345051765442
-0.03443273901939392,-0.09462729096412659
0.06121888756752014,0.07876281440258026
0.1682458370923996,0.2813161313533783
0.25526338815689087,0.1613101363182068
0.3527878522872925,0.05645287036895752
0.27850502729415894,0.21552859246730804
-0.8819036483764648,-0.08343547582626343
-0.782167911529541,0.08115591108798981
-0.660875678062439,0.0473819226026535
-0.5458813905715942,0.0819079577922821
-0.43206533789634705,0.1657705456018448
0.4091612994670868,0.8138196468353271
0.39367616176605225,0.44562071561813354
0.3585370182991028,-0.20237350463867188
0.5538921356201172,-0.2566959857940674
-0.7258665561676025,-0.31305015087127686
-0.4868280291557312,-0.35686683654785156
0.7562292814254761,-0.34265875816345215
-0.25196319818496704,-0.45229411125183105
0.16071677207946777,-0.3703409433364868
0.18484550714492798,-0.29204416275024414
0.36259448528289795,-0.6971815824508667
0.34516656398773193,-0.6788057088851929
0.3493834137916565,-0.6350711584091187
0.21098864078521729,-0.7475788593292236
0.06088609993457794,-0.36802154779434204
0.014725729823112488,-0.49258434772491455
0.11987117677927017,-0.3496639132499695
0.18993881344795227,-0.22069835662841797
0.20193472504615784,-0.17759931087493896
-1.191868782043457,-0.0887717604637146
0.24544525146484375,-0.07197993993759155
0.09430724382400513,0.031150057911872864
0.17940674722194672,-0.0499916672706604
0.15902186930179596,-0.01717408001422882
-0.7265726923942566,-0.11548061668872833
-0.49790501594543457,-0.2486453354358673
-0.2189154326915741,-1.7024482488632202
-0.09876784682273865,0.18529856204986572
0.16357967257499695,-1.6699402332305908
0.1153787225484848,-1.6764426231384277
0.2072988748550415,-1.6499637365341187
0.12350957095623016,-0.5900274515151978
0.22116100788116455,-0.5072194337844849
0.19231253862380981,-0.469836950302124
0.05811665952205658,-0.3411552309989929
-0.21361993253231049,-0.241177499294281
0.17872124910354614,-0.39697009325027466
0.20871379971504211,-0.25210773944854736
-0.5537194013595581,-0.16723638772964478
-0.44147682189941406,-0.190484881401062
-0.34372028708457947,-0.12341240048408508
-0.2231963574886322,-0.2414119839668274
-0.09409469366073608,-0.21155181527137756
0.01784837245941162,-0.005482137203216553
0.09076835215091705,-0.07585406303405762
-0.22836551070213318,0.00516963005065918
-0.10642418265342712,-0.04510819911956787
-0.0046731531620025635,0.03682124614715576
0.2586321234703064,-0.22188737988471985
0.1408752053976059,0.18852341175079346
-0.14644348621368408,-0.5809287428855896
0.22503481805324554,0.05716624855995178
0.05970585346221924,0.09054553508758545
0.20292796194553375,0.25451499223709106
0.30233055353164673,-0.1788618564605713
0.1551746428012848,-0.08978623151779175
0.2898199260234833,0.01547151803970337
-0.533621072769165,0.1162235289812088
0.0960494875907898,0.20922665297985077
0.2895500957965851,0.3249257504940033
0.3125832974910736,0.5683014392852783
-0.2730661630630493,0.050795525312423706
-0.1614641547203064,-0.0711856335401535
0.08592325448989868,0.030641432851552963
0.1896873563528061,0.0011468380689620972
0.2862653434276581,0.09264683723449707
0.3250877261161804,0.032514289021492004
0.3054187595844269,-0.07842227816581726
0.3037797808647156,0.21154522895812988
0.28178709745407104,-0.03682816028594971
0.19913175702095032,0.06234545633196831
-1.1746876239776611,0.08351527154445648
0.20649980008602142,0.6247791051864624
-1.3242220878601074,-0.38697075843811035
-1.124998927116394,-0.4279516935348511
-0.46401357650756836,-0.43687301874160767
0.05624091625213623,-0.49063748121261597
-0.004598021507263184,0.02827814221382141
0.1920948028564453,0.06103584170341492
0.6731119751930237,0.0028762072324752808
0.7603012919425964,-0.07775586098432541
0.8329741954803467,0.05308748036623001
0.7604930400848389,-0.08356314897537231
0.4971349239349365,0.02049548551440239
0.46502184867858887,-0.09416061639785767
-0.5845135450363159,0.06878826767206192
0.5062888860702515,1.1432771682739258
-0.33529090881347656,-0.3094482421875
0.09998786449432373,1.6432878971099854
0.1657167375087738,-0.2591160535812378
0.3780108392238617,-0.3552258014678955
0.21011540293693542,-0.3961622714996338
0.2815118730068207,-0.36673128604888916
0.06787046790122986,-0.5350408554077148
-0.05958282947540283,-0.8101803064346313
0.027782857418060303,-0.616094708442688
0.10931040346622467,-0.6503185033798218
0.21421167254447937,-0.2634551525115967
0.06990237534046173,-0.31667500734329224
0.15792416036128998,-0.5401080250740051
0.26627016067504883,-0.4960806965827942
-0.5180260539054871,-0.4003711938858032
-0.3085256516933441,0.38682764768600464
-0.07739537954330444,0.42658984661102295
0.17231494188308716,0.277712345123291
0.4174714982509613,0.25900882482528687
0.5279721021652222,-0.36653831601142883
0.5641812682151794,0.22016803920269012
0.45398226380348206,0.1419968158006668
0.07253921031951904,-0.1323201060295105
0.17684809863567352,0.27043044567108154
-0.21586066484451294,-0.4628233313560486
-0.12733501195907593,0.17358605563640594
0.20881295204162598,0.2734416723251343
0.3505536913871765,-0.2575601637363434
0.2581515312194824,-0.1313553750514984
0.11779999732971191,0.23116081953048706
0.1750030815601349,0.045303940773010254
0.1323629766702652,0.1584184616804123
0.1789897084236145,0.26908671855926514
0.18968595564365387,-0.48505690693855286
-1.5867189168930054,0.05274449661374092
-1.1920125484466553,-0.2812594771385193
-0.058582887053489685,0.09240078926086426
-0.04442259669303894,0.10299090296030045
-0.009827792644500732,0.020889051258563995
-0.7495111227035522,0.09137047827243805
-0.6056140661239624,0.04061298072338104
-0.10799327492713928,0.041890036314725876
0.025252819061279297,-0.10382215678691864
0.4482116997241974,-0.0004824623465538025
-0.15220338106155396,0.23563571274280548
0.013789057731628418,0.1946219503879547
0.2618955969810486,-0.21630629897117615
0.24072539806365967,0.24935705959796906
0.2855904698371887,0.24848024547100067
0.3177107870578766,0.04740692675113678
0.3514670729637146,0.21454119682312012
0.21162837743759155,0.1698102056980133
0.19415229558944702,0.15696513652801514
0.26579758524894714,-0.10037180781364441
0.4264014661312103,0.1152404323220253
0.3622429370880127,0.07983996719121933
0.23048794269561768,0.12669172883033752
0.2520062327384949,0.11100293695926666
0.2137988656759262,0.5751515626907349
-0.1499069184064865,-0.5485445261001587
-0.12037213146686554,1.1068588495254517
0.22467964887619019,-0.4627333879470825
0.2710537016391754,-0.347031831741333
0.3018537163734436,-0.30224543809890747
0.3004574179649353,-0.30588603019714355
0.28609219193458557,-0.20948189496994019
0.2928934395313263,-0.027456670999526978
-0.16299578547477722,0.003193885087966919
0.267087459564209,0.056326426565647125
0.22672277688980103,0.06753968447446823
0.2521592080593109,0.10106712579727173
0.24826832115650177,-0.16930007934570312
0.24469046294689178,0.04015961289405823
0.2428918033838272,-0.1434471309185028
-0.28334397077560425,0.07867421209812164
-0.1700299084186554,0.06697827577590942
-0.061075359582901,-0.5272776484489441
0.042331621050834656,0.13911068439483643
-0.774726152420044,0.02267572283744812
-0.6265741586685181,-0.10214821994304657
-0.4848059117794037,0.11307936906814575
-0.3724921643733978,0.07599197328090668
0.4074951410293579,0.0833778977394104
-0.21349844336509705,0.05021744221448898
-0.12823590636253357,0.05288686975836754
0.3808740973472595,0.04660886898636818
0.4292597472667694,0.6020793914794922
-0.6680055856704712,-0.03194749355316162
-0.3768348693847656,-0.21423041820526123
-0.25478285551071167,-0.22275972366333008
0.07361352443695068,-0.18954002857208252
0.17101892828941345,-0.18147727847099304
0.28065869212150574,-0.09991879761219025
0.30858007073402405,0.0884353443980217
0.20417073369026184,-0.025320865213871002
0.11392323672771454,0.06796068698167801
0.09569816291332245,-0.007609575986862183
0.19972102344036102,-0.07228107005357742
0.19862669706344604,0.013402655720710754
0.20973961055278778,-0.0012502670288085938
-0.025624945759773254,0.08842887729406357
0.06150750815868378,-0.4867978096008301
0.3030296266078949,-0.4544403851032257
-1.145157814025879,-0.278772234916687
-1.014480471611023,-0.029551558196544647
-0.8505197167396545,0.036444492638111115
-0.6134259104728699,0.01776951551437378
0.300040602684021,0.1459132730960846
-0.48699983954429626,-0.08495481312274933
-0.5752077102661133,0.041468873620033264
-0.46946951746940613,0.11835066974163055
-0.1097540557384491,0.2173215001821518
0.19403879344463348,0.14963996410369873
0.15494905412197113,0.06629234552383423
0.16216109693050385,0.18116816878318787
0.19116705656051636,0.23346959054470062
0.09765784442424774,0.2805171310901642
0.1311074197292328,0.2609246075153351
0.2189466506242752,0.7243563532829285
-0.05196352303028107,-0.2783425450325012
0.05144679546356201,-0.2500147819519043
-0.4272834062576294,-0.1597740650177002
-0.053646594285964966,0.11611808836460114
0.2549607753753662,0.1914757490158081
-0.27760049700737,0.09324078261852264
-0.19651353359222412,-0.22919173538684845
-0.15117937326431274,-0.13703688979148865
-0.09818816184997559,-0.04640410095453262
-0.650762140750885,0.43474021553993225
-0.4284605383872986,-0.012391775846481323
0.5512968301773071,0.4993884563446045
-0.08619076013565063,0.6818748116493225
-1.0849273204803467,1.3349692821502686
-0.8924857378005981,1.3893028497695923
-0.5832810401916504,1.569331169128418
-0.48594844341278076,-0.28672850131988525
-0.43336021900177,-0.3343912363052368
-0.39695578813552856,-0.4242086410522461
-0.061052680015563965,-0.5066198110580444
0.012463629245758057,1.1096041202545166
0.06071209907531738,-0.7427862882614136
0.6567627191543579,-0.6866493225097656
0.5190326571464539,-0.8021637201309204
0.45853450894355774,-0.6165692806243896
0.2722822427749634,-0.5934181213378906
0.1707330197095871,-0.6097955703735352
0.15928176045417786,-0.4341622591018677
0.24585698544979095,-0.3422245979309082
-0.019043952226638794,-0.8750761151313782
0.0805448591709137,0.08537060022354126
0.18200694024562836,-0.25200915336608887
0.18337129056453705,-0.21376478672027588
0.2346889078617096,0.1972854733467102
0.11615130305290222,-0.26225244998931885
-0.6375430226325989,0.272205650806427
-0.5013548135757446,-0.02477395534515381
-0.36705321073532104,0.006449192762374878
-0.5249965190887451,0.0733446478843689
-0.1411762237548828,0.19927723705768585
-0.36576661467552185,0.29900050163269043
-0.23271682858467102,0.2383752316236496
-0.09049350023269653,-0.5593238472938538
0.05643048882484436,-0.07819512486457825
0.11587673425674438,0.019527852535247803
0.13030874729156494,0.11834454536437988
-0.17105495929718018,0.2186281830072403
-0.04816168546676636,-0.05510854721069336
0.08570021390914917,0.0011948049068450928
0.1848956048488617,0.18832795321941376
-0.22220921516418457,0.2642693519592285
0.2764637768268585,0.37298545241355896
-0.09958285093307495,0.07420116662979126
-0.004635453224182129,0.09215040504932404
0.06181557476520538,0.09596945345401764
-0.1222769021987915,0.6941289305686951
-0.01573878526687622,1.1870460510253906
0.17599385976791382,-0.12238550186157227
0.1593605875968933,-0.16508948802947998
0.2030104100704193,0.8371044397354126
-0.29692739248275757,-0.10589677095413208
-1.7549998760223389,0.031154155731201172
-1.7629157304763794,-0.04458525776863098
-1.770982265472412,0.037422195076942444
-1.1284475326538086,-0.04600387066602707
-1.0281025171279907,0.029866719618439674
-0.9155141115188599,0.02640514075756073
-0.7671205997467041,-0.08222373574972153
-0.6197630167007446,-0.11264258623123169
-0.47868141531944275,-0.002914413809776306
-0.7695704698562622,0.06571389734745026
-0.8801741003990173,0.07460777461528778
-0.6881890892982483,-0.7255165576934814
-0.5111632943153381,0.37704792618751526
-0.05989736318588257,0.05496573448181152
0.049877703189849854,0.01809922605752945
0.1156969666481018,0.03867613524198532
0.5210254192352295,-0.8386651277542114
0.5015143156051636,-0.03547203540802002
0.4060697555541992,0.07299789786338806
0.33639249205589294,0.09126743674278259
0.23277321457862854,0.2092745006084442
-1.6254550218582153,0.06418563425540924
-1.565415620803833,0.10224489122629166
-1.4941930770874023,-0.04294314980506897
-1.4478992223739624,0.05151700973510742
-1.456749439239502,0.031499456614255905
-1.5142836570739746,0.0004166066646575928
-1.5870490074157715,0.15992626547813416
-1.6448196172714233,-0.06906844675540924
-1.6798738241195679,0.06391146779060364
-1.6975096464157104,0.18959909677505493
-1.7032783031463623,-0.0380777046084404
-1.6771093606948853,0.11351001262664795
-1.6489193439483643,-0.13948743045330048
-1.6087692975997925,0.0660521537065506
-1.4715443849563599,0.09513123333454132
-1.4044132232666016,0.08761109411716461
-1.3409080505371094,0.07725664973258972
-1.2563722133636475,0.051853228360414505
-1.152335524559021,0.2992253303527832
-1.6077749729156494,-0.3338548541069031
-0.819861650466919,0.4588046073913574
-0.707056999206543,-0.2807850241661072
-1.4323930740356445,-0.11653122305870056
-0.36489349603652954,-0.09254944324493408
-1.2660467624664307,0.05598321557044983
-1.097975254058838,-0.028732672333717346
-0.9155550003051758,0.08517643064260483
1.1099035739898682,-0.029430299997329712
1.2449896335601807,-0.126318097114563
1.1655133962631226,-0.03860548138618469
-0.47176432609558105,0.015560150146484375
-0.382987380027771,0.1318035125732422
-0.7223840951919556,-0.0028469711542129517
-0.6611218452453613,0.08434903621673584
-0.23032712936401367,0.19265557825565338
-0.6891328692436218,-0.0444905161857605
-0.757456362247467,0.05664569139480591
-0.8049361705780029,0.03407922387123108
-0.39446592330932617,0.028834261000156403
-0.35835617780685425,0.07179105281829834
-0.29120415449142456,-0.07345419377088547
0.27559158205986023,0.01008598878979683
-0.10941451787948608,-0.0025699734687805176
-0.01171824336051941,0.044014230370521545
0.08658427000045776,0.05365753918886185
0.02431344985961914,0.032626014202833176
0.5873128175735474,0.06738029420375824
0.5387621521949768,-0.0010413974523544312
0.8994783163070679,0.06091305613517761
0.9647824168205261,0.042091697454452515
0.8351364731788635,0.2510036826133728
0.2139454483985901,0.23747555911540985
0.1047275960445404,0.23275351524353027
0.17035487294197083,0.28811147809028625
0.16130462288856506,0.1860852837562561
-0.4748828709125519,0.0827183723449707
-0.25800615549087524,-0.35617709159851074
0.009239673614501953,0.0855855643749237
0.1535646915435791,0.05124489963054657
0.2097802609205246,0.07985527068376541
0.20151865482330322,0.07721010595560074
0.21759910881519318,0.08248864859342575
0.048696666955947876,0.07673361897468567
0.15545515716075897,0.09057341516017914
0.22217853367328644,0.572398841381073
-1.3969721794128418,0.4028928279876709
0.2654966115951538,0.1443021297454834
0.22904285788536072,-0.06337064504623413
0.23299261927604675,-0.0496404767036438
0.23742793500423431,0.04128527641296387
0.27613162994384766,-0.05325046181678772
-0.27173489332199097,-0.04636256396770477
0.5102142691612244,-0.009553175419569016
0.12380069494247437,0.02048972249031067
0.2544628381729126,-0.055993787944316864
-0.08996695280075073,-0.0521928071975708
0.5018990635871887,0.05558279901742935
0.49219250679016113,0.06292907148599625
0.30912071466445923,0.07641005516052246
0.4331073462963104,0.3638288080692291
-0.7373406887054443,-0.4001150131225586
0.5233114957809448,-0.6484278440475464
-0.3396575450897217,-0.7396228909492493
0.4950105547904968,-0.6017760634422302
0.5108795762062073,0.2532575726509094
0.4667925536632538,-0.5977966785430908
0.4171396493911743,-0.7342633605003357
0.33235928416252136,-0.07948720455169678
0.08052858710289001,0.0018794834613800049
0.3086022138595581,0.011012643575668335
0.2569875121116638,-0.037092022597789764
0.3517740070819855,-0.0053224265575408936
0.3556360900402069,0.03941509500145912
-0.8603917360305786,-0.057633236050605774
-0.7240728139877319,-0.012863323092460632
0.4427386224269867,0.07838476449251175
0.41595473885536194,1.1585205793380737
-0.42799147963523865,-0.9736764430999756
-0.11937034130096436,-0.3105353116989136
0.365090936422348,-0.29015052318573
8.955597877502441e-05,-0.347074031829834
-0.07781973481178284,-0.08425641059875488
-0.006963551044464111,-0.2549785375595093
0.2267552763223648,-0.125979483127594
-0.10426250100135803,-0.07848125696182251
0.17212684452533722,-0.09661364555358887
-0.3617357909679413,0.21998818218708038
-0.11142653226852417,0.07870550453662872
0.09496399760246277,0.07275842875242233
0.2778777480125427,0.013199590146541595
0.2840886116027832,0.021257728338241577
0.21344679594039917,0.08374754339456558
0.20800209045410156,0.1912013590335846
0.20083966851234436,-0.08672292530536652
-0.18120361864566803,0.007738843560218811
0.05641551315784454,0.11578051745891571
-0.33567333221435547,0.09969376027584076
-0.15440675616264343,0.12337659299373627
0.014274656772613525,0.034753650426864624
0.1023312360048294,-0.0050379931926727295
0.17988905310630798,0.03547229617834091
0.20135529339313507,0.027875714004039764
0.19029641151428223,0.08484221994876862
0.15498150885105133,0.16823244094848633
0.19493556022644043,0.2466549426317215
0.1064092367887497,0.16073119640350342
0.23588356375694275,0.10806073248386383
0.24957925081253052,0.537135899066925
-1.5904598236083984,0.06964269280433655
-1.430912971496582,-0.08073882758617401
-1.2117385864257812,0.0002820044755935669
-1.0040123462677002,0.05410734564065933
-0.8577432632446289,-0.14198088645935059
-0.7712469100952148,-0.012632966041564941
-0.7589617967605591,-0.004222661256790161
-0.7794044017791748,0.011612169444561005
-0.8181328773498535,0.11559316515922546
-0.8683884143829346,0.061356574296951294
-0.40992212295532227,0.05485321581363678
-0.33709704875946045,-0.059669822454452515
-0.27076172828674316,0.014467276632785797
-0.21656298637390137,0.07789413630962372
-0.16676795482635498,0.08103571832180023
0.07223480939865112,0.05409972369670868
-0.09433597326278687,0.06302503496408463
0.25987839698791504,0.21773408353328705
0.14652836322784424,0.23087036609649658
-0.03629302978515625,0.293317049741745
0.1906430721282959,0.30101674795150757
0.22090409696102142,0.27280518412590027
0.08605441451072693,0.0016467273235321045
0.35485756397247314,0.11683540046215057
0.23338529467582703,0.08864215016365051
0.31972911953926086,-0.8178561925888062
-0.15005430579185486,0.07928938418626785
-0.3661922216415405,0.12161468714475632
-0.2096118927001953,0.12345363944768906
-0.17184016108512878,0.09816175699234009
-0.012704342603683472,0.0384393185377121
0.23770226538181305,-0.20414113998413086
0.25631803274154663,0.043971091508865356
0.19753289222717285,-0.004852823913097382
0.20227211713790894,0.10107314586639404
-1.0129683017730713,0.10946361720561981
-0.9247427582740784,0.10885948687791824
-0.8264058232307434,0.09541763365268707
-0.22138957679271698,0.0459057055413723
-0.11498066782951355,0.3097303509712219
-0.30000633001327515,0.3612494468688965
-0.12699687480926514,0.048350989818573
0.054206401109695435,0.03004971146583557
0.16885700821876526,0.058220311999320984
0.20473289489746094,0.0866062343120575
0.04489988088607788,0.03502661734819412
-0.420947402715683,0.05175989121198654
-0.08470144867897034,0.06405822187662125
0.2731887698173523,-0.05492669343948364
0.12684087455272675,-0.08172675967216492
-0.7211763262748718,-0.05518046021461487
-0.019916445016860962,-0.05514200031757355
0.06658831238746643,0.02922803908586502
0.1917148381471634,0.07296784967184067
0.2782581150531769,0.053753338754177094
-0.17403462529182434,0.018460620194673538
0.026605695486068726,-0.23068714141845703
0.15185801684856415,-0.281949520111084
0.19345732033252716,-0.2253894805908203
-1.1558144092559814,-0.17807388305664062
-1.0503026247024536,-0.24655520915985107
-0.8131119608879089,-0.23512578010559082
-0.6719502210617065,-0.5422685146331787
0.2800467610359192,-0.4334406852722168
-0.4332399368286133,-0.5738351345062256
-0.3825546205043793,-0.5432583093643188
-0.3014308512210846,-0.39914989471435547
-0.22840183973312378,-0.41176116466522217
0.08480484783649445,-0.4305659532546997
0.2204902470111847,-0.2170168161392212
0.19153347611427307,-0.4271143078804016
0.2644692063331604,-0.2515410780906677
0.30280885100364685,-0.30838489532470703
0.04747644066810608,-0.10335850715637207
0.12727823853492737,-0.14263278245925903
0.1919379085302353,-0.28918203711509705
-0.09245914220809937,-0.08709244430065155
0.009746789932250977,-0.03915303945541382
0.0942966639995575,-0.08509822189807892
-0.13713571429252625,0.19569481909275055
-0.018319249153137207,0.12605974078178406
0.06463024020195007,0.22461764514446259
-0.07417716085910797,-0.17429247498512268
0.11227943748235703,-0.3615657389163971
0.21686765551567078,-0.2066815197467804
0.05317486822605133,-0.1638730764389038
0.17588745057582855,-0.005765825510025024
0.06221483647823334,0.0633670836687088
0.18182891607284546,0.04347263276576996
0.21323320269584656,0.030125033110380173
0.28020957112312317,-0.00041859596967697144
-0.6521126627922058,0.2699024975299835
-0.1253746747970581,0.30522334575653076
-0.04003581404685974,0.7171102166175842
0.18186061084270477,0.05240684747695923
0.20435935258865356,-0.021705210208892822
0.21123142540454865,0.047208577394485474
0.22112423181533813,0.06183202564716339
-0.01900416612625122,0.27016007900238037
0.07515984773635864,0.26989948749542236
0.16765353083610535,0.31287968158721924
0.19137734174728394,-0.3555617332458496
0.1981905698776245,0.03191837668418884
0.15609267354011536,-0.05700784921646118
-0.34367623925209045,0.04282674938440323
-0.23783861100673676,0.07605674117803574
-0.1194484680891037,0.09379778802394867
0.26016339659690857,0.26153892278671265
-0.7804467678070068,-0.13419748842716217
-0.4976578652858734,-0.05075739324092865
-0.3927498757839203,0.07780478894710541
0.29486721754074097,0.048587072640657425
-0.07180213928222656,0.06046832352876663
0.10049040615558624,0.32613855600357056
0.13881000876426697,-0.5168190598487854
0.18927060067653656,-0.1841210126876831
0.22246499359607697,-0.15543705224990845
0.13740217685699463,0.23501624166965485
0.22441357374191284,-0.2252725213766098
0.19223374128341675,0.06913644075393677
-0.1637776792049408,0.06597425788640976
-0.26923447847366333,0.04497915878891945
-0.054202377796173096,0.07657405734062195
0.05965341627597809,-0.015085317194461823
0.17137658596038818,0.08618108183145523
