Test,x0(m),y0(m),d(m),SNR(dB),direction_theta(rad),R_Tar(Mbps),V_Tar(m/s),UE_num,V_Cond,Connected UE_num for target AP,R_targetAP,SNR_Connected_targetAP,Ideal_Thr(Target),UTI_Thr_List(per10ms),UTI(3%),UTI(5%),Runtime
20,8.80821637373342,7.328558900898173,2.776285345122947,16.303759979588715,1.6125208804855984,50.0,13.149927720365739,50,"(0.1,)",2,"[50.0, 130.1888546168583]","[16.303759979588715, 17.803151959758694]",50.0,"[50.0, 50.0, 50.0, 50.0, 50.0, 50.0, 50.0, 50.0, 50.0, 50.0, 50.0, 50.0, 50.0, 50.0, 48.62361685144808, 48.62361685144808, 43.297902429737306]",0.16999999999999998,0.16999999999999998,4.570117235183716
28,9.813301059477206,5.980229524764378,3.573498362918365,10.348254728070607,2.3877208031583352,50.0,1.9755527067828769,50,"(0.1,)",3,"[50.0, 130.1888546168583, 103.51536543574676]","[10.348254728070607, 17.39997845150304, 12.96130655827499]",23.766515536196493,"[23.766515536196493, 23.766515536196493, 23.766515536196493, 23.06228329917157, 22.443211912393153]",0.049999999999999996,0.049999999999999996,1.2819464206695557
30,9.741504065701056,5.562431393463209,3.558560274816481,9.119722180024521,0.8557231626596292,50.0,4.300565573166031,50,"(0.1,)",6,"[50.0, 115.27296690582034, 52.03188236255164, 32.086006140954154, 130.1888546168583, 103.51536543574676]","[9.119722180024521, 17.98247926256805, 15.313295171722675, 14.297300724201653, 17.71879992071399, 12.989572007315907]",10.653941059993503,"[10.9396352989735, 10.9396352989735, 10.498214280174611, 10.653941059993503, 10.653941059993503, 10.653941059993503, 11.067764230429656, 10.653941059993503, 11.067764230429656, 11.067764230429656, 11.161259585424403, 11.564038739925412, 11.564038739925412, 11.888492941183952, 12.529917981916729, 12.529917981916729, 12.822665772764758, 13.447868356603102, 13.447868356603102, 14.30011164508357, 14.670799156172842, 14.670799156172842, 14.883321811819584, 15.447309878401336, 15.608273943007845, 16.120382756510892, 17.047816147221603, 17.462373391647397, 17.734832336915694, 17.860799119050984, 18.295527883640563, 18.10966867895668, 18.10966867895668, 17.90191692219475, 18.147623664031286, 18.125679282248747, 18.147623664031286, 18.10966867895668, 18.10966867895668, 18.10966867895668, 18.10966867895668, 18.10966867895668, 17.90191692219475, 18.147623664031286, 18.125679282248747, 17.73912731772331, 17.693629563260593, 17.044046452602522, 16.284359242055544, 16.284359242055544, 15.865295996185385, 15.865295996185385, 16.284359242055544, 15.866889283630137, 16.284359242055544, 16.582329622554628, 16.862185917116953, 16.862185917116953, 17.566081892835165, 17.420062095747628, 17.73912731772331, 17.852637698418132, 17.90669020025412, 18.147623664031286, 18.368095513319446, 18.147623664031286, 18.125679282248747, 18.125679282248747, 18.125679282248747, 18.125679282248747, 18.125679282248747, 18.147623664031286, 18.10966867895668, 18.10966867895668, 18.10966867895668, 18.10966867895668, 18.10966867895668, 18.164097913943678, 18.164097913943678, 18.164097913943678, 18.164097913943678, 18.290242642346726, 18.290242642346726, 18.013373609337094, 18.10966867895668, 18.147623664031286, 18.125679282248747, 18.042862700486598, 17.73912731772331, 17.21998871264205, 16.963034886418896, 16.284359242055544, 15.865295996185385, 15.432713848495093, 14.889952091529958, 13.9803942091444, 12.823232734587183, 11.559582113356775, 10.228745438330524, 10.853330638609927, 11.032954858837098, 11.680750524224454, 12.346464288431509, 11.997211413808701, 12.648644953965714, 13.303226932356477, 13.408616299992826, 13.487902441121813, 13.538431638969636, 14.083969120808348, 14.101774499346963, 14.101774499346963, 14.101774499346963, 14.101774499346963, 14.08332981877276, 14.08332981877276, 14.08332981877276, 14.620616815892328, 14.555530354145873, 13.927193782824812, 14.291190637814807, 14.291190637814807, 14.291190637814807, 14.087783841430916, 13.834844255292099, 13.834844255292099, 13.834844255292099, 13.531491324146273, 13.531491324146273, 13.531491324146273, 13.531491324146273, 13.531491324146273, 13.531491324146273, 14.289417285526364, 13.834844255292099, 13.834844255292099, 14.087783841430916, 14.291190637814807, 14.446477817285402, 14.446477817285402, 13.927193782824812, 14.446477817285402, 14.784483444590983, 14.291190637814807, 14.784483444590983, 14.291190637814807, 14.291190637814807, 14.291190637814807, 14.784483444590983, 14.563077575776802, 14.563077575776802, 14.722197148267975, 14.369469616921863, 13.960901975587605, 14.30828211038783, 13.810986396048968, 13.257563887173262, 12.650188824292261, 11.991754886945007, 12.150294632028686, 11.285920716598023, 12.150294632028686, 12.849661589750124, 12.650188824292261, 12.849661589750124, 11.991754886945007, 11.285920716598023, 10.611277596637096, 9.751009098469961]",0.99,1.69,35.597240686416626
31,9.74449325468745,5.600156684461206,3.5544028249210218,9.537077048206607,1.902453761672328,50.0,4.370428436386494,50,"(0.1,)",5,"[50.0, 115.27296690582034, 52.03188236255164, 130.1888546168583, 103.51536543574676]","[9.537077048206607, 17.9376966240156, 14.378995026529068, 16.880165157155673, 12.215103487393261]",13.28131707651559,"[13.393511502509284, 13.876846487910496, 13.876846487910496, 14.266191529420745, 15.035901578300077, 15.035901578300077, 15.38719892731771, 16.137442027923722, 16.878459001281712, 17.160133974100287, 17.60495898740741, 17.8599861741835, 17.8599861741835, 18.536771854081604, 18.729928731609416, 18.729928731609416, 20.457379376665926, 20.95484806997688, 20.95484806997688, 21.432958942861184, 21.95463346036868, 21.95463346036868, 21.731602414748018, 21.482300306633704, 21.777148396837546, 21.7508151386985, 21.777148396837546, 21.731602414748018, 21.731602414748018, 21.731602414748018, 21.731602414748018, 21.731602414748018, 21.482300306633704, 21.777148396837546, 21.7508151386985, 21.286952781267974, 21.232355475912716, 20.45285574312303, 19.541231090466656, 19.541231090466656, 19.038355195422465, 19.038355195422465, 19.541231090466656, 19.040267140356164, 19.541231090466656, 19.898795547065557, 20.234623100540347, 20.66398645517046, 21.079298271402198, 20.904074514897157, 21.286952781267974, 21.42316523810176, 21.488028240304946, 21.777148396837546, 22.041714615983338, 21.777148396837546, 21.7508151386985, 21.7508151386985, 21.7508151386985, 21.7508151386985, 21.7508151386985, 21.777148396837546, 21.731602414748018, 21.731602414748018, 21.731602414748018, 21.731602414748018, 21.731602414748018, 21.796917496732416, 21.796917496732416, 21.796917496732416, 21.796917496732416, 21.948291170816074, 21.948291170816074, 21.616048331204514, 21.731602414748018, 21.777148396837546, 21.7508151386985, 21.651435240583922, 21.286952781267974, 20.66398645517046, 20.355641863702676, 19.541231090466656, 19.038355195422465, 18.519256618194113, 17.867942509835952, 16.77647305097328, 15.387879281504622, 13.871498536028131, 12.27449452599663]",0.89,0.89,19.03672432899475
32,9.699908314579835,6.424786029435682,3.4543331534600084,12.462710744696096,0.9731901044762447,50.0,9.560502742705658,50,"(0.1,)",5,"[50.0, 115.27296690582034, 52.03188236255164, 130.1888546168583, 103.51536543574676]","[12.462710744696096, 17.47602195342177, 16.11282485823545, 16.30325592097217, 13.446620021087172]",16.878459001281712,"[17.60495898740741, 17.8599861741835, 17.8599861741835, 18.536771854081604, 18.729928731609416, 19.34445930781307, 20.457379376665926, 20.95484806997688, 21.281798804298838, 21.432958942861184, 21.95463346036868, 21.731602414748018, 21.731602414748018, 21.482300306633704, 21.777148396837546, 21.777148396837546, 21.777148396837546, 21.731602414748018, 21.731602414748018, 21.731602414748018, 21.731602414748018, 21.731602414748018, 21.482300306633704, 21.777148396837546, 21.7508151386985, 21.286952781267974, 21.232355475912716, 20.45285574312303, 19.541231090466656, 19.541231090466656, 19.038355195422465, 19.038355195422465, 19.541231090466656, 19.040267140356164, 19.541231090466656, 19.898795547065557, 20.234623100540347, 20.66398645517046, 21.079298271402198, 20.904074514897157, 21.286952781267974, 21.42316523810176, 21.488028240304946, 21.777148396837546, 22.041714615983338, 21.777148396837546, 21.7508151386985, 21.7508151386985, 21.7508151386985, 21.7508151386985, 21.7508151386985, 21.777148396837546, 21.731602414748018, 21.731602414748018, 21.731602414748018, 21.731602414748018, 21.731602414748018, 21.731602414748018, 21.796917496732416, 21.796917496732416, 21.796917496732416, 21.948291170816074, 21.948291170816074, 21.616048331204514, 21.731602414748018, 21.777148396837546, 21.7508151386985, 21.651435240583922, 21.286952781267974, 20.66398645517046, 20.355641863702676, 19.541231090466656, 19.038355195422465, 18.519256618194113, 17.867942509835952, 16.77647305097328, 15.387879281504622]",0.77,0.77,16.084421157836914
33,8.912799966498179,7.536945104489209,2.9574873395420385,15.90608148839885,1.4403929632329953,50.0,19.839658132195076,50,"(0.1,)",4,"[50.0, 52.03188236255164, 130.1888546168583, 103.51536543574676]","[15.90608148839885, 16.343741800119197, 16.803690401898944, 12.781298703424502]",26.602248505373545,"[27.443291825460847, 27.16450301843502, 27.16450301843502, 26.852875383292126, 27.221435496046933, 27.188518923373124, 27.221435496046933, 27.16450301843502, 27.16450301843502, 27.16450301843502, 27.16450301843502, 27.16450301843502, 27.16450301843502, 27.221435496046933, 27.188518923373124, 27.188518923373124, 26.540444344890894, 25.566069678903787, 25.566069678903787, 24.42653886308332]",0.18,0.19999999999999998,4.144000291824341
34,8.643078922040125,7.966209817977244,2.944860415441488,16.25294329838509,1.664380966017716,50.0,2.7279958319102082,50,"(0.1,)",4,"[50.0, 52.03188236255164, 130.1888546168583, 103.51536543574676]","[16.25294329838509, 16.2711762238948, 17.71879992071399, 12.115385154397893]",27.16450301843502,"[27.16450301843502, 27.16450301843502, 26.852875383292126, 27.221435496046933, 27.188518923373124, 26.608690976584967, 26.540444344890894, 25.566069678903787]",0.08000000000000002,0.08000000000000002,1.8320801258087158
38,8.742768534161094,7.740169962118508,2.9042213209230328,16.30325592097217,1.5536730855825875,50.0,2.756565039049393,50,"(0.1,)",5,"[50.0, 115.27296690582034, 40.134863490555986, 130.1888546168583, 113.2586005282906]","[16.30325592097217, 16.939428703725532, 13.602856339342482, 17.260484351996276, 18.747925241200242]",21.796917496732416,"[21.796917496732416, 21.948291170816074, 21.948291170816074, 21.616048331204514, 21.731602414748018, 21.777148396837546, 21.7508151386985, 21.651435240583922, 21.286952781267974, 20.66398645517046]",0.1,0.1,27.24612808227539
74,2.0897003491731807,2.659205386555049,1.9865618085667958,18.50509061390525,0.4214025014076578,50.0,4.544211004268017,50,"(0.1,)",1,[50.0],[18.50509061390525],50.0,"[50.0, 50.0, 50.0, 50.0, 50.0, 50.0, 50.0, 50.0, 50.0, 50.0, 50.0, 50.0, 50.0, 50.0, 50.0, 50.0, 50.0, 50.0, 50.0, 50.0, 50.0, 50.0, 50.0, 50.0, 50.0, 50.0, 50.0, 50.0, 50.0, 50.0, 50.0, 50.0, 50.0, 50.0, 50.0, 50.0, 50.0, 50.0, 50.0, 50.0, 50.0, 50.0, 50.0, 50.0, 50.0, 50.0, 50.0, 50.0, 50.0, 50.0, 50.0, 50.0, 50.0, 50.0, 50.0, 50.0, 50.0, 50.0, 50.0, 50.0, 50.0, 50.0, 50.0, 50.0, 50.0, 50.0, 50.0, 50.0, 50.0, 50.0, 50.0, 50.0, 50.0, 50.0, 50.0, 50.0, 50.0, 50.0, 50.0, 50.0, 50.0, 50.0, 50.0, 50.0, 50.0, 50.0, 50.0, 50.0, 50.0, 50.0, 50.0, 50.0, 50.0, 50.0, 50.0, 50.0, 50.0, 50.0, 50.0, 50.0, 50.0, 50.0, 50.0, 50.0, 50.0, 50.0, 50.0, 50.0, 50.0, 50.0, 50.0, 50.0, 50.0, 50.0, 50.0, 50.0, 50.0, 50.0, 50.0, 50.0, 50.0, 50.0, 50.0, 50.0, 50.0, 50.0, 50.0, 50.0, 50.0, 50.0, 50.0, 50.0, 50.0, 50.0, 50.0, 50.0, 50.0, 50.0, 50.0, 50.0, 50.0, 50.0, 50.0, 50.0, 50.0, 50.0, 50.0, 50.0, 50.0, 50.0, 50.0, 50.0, 50.0, 50.0, 50.0, 50.0, 50.0, 50.0, 50.0, 50.0, 50.0, 50.0, 50.0, 50.0, 50.0, 50.0, 50.0, 50.0, 50.0, 50.0, 50.0, 50.0, 50.0, 50.0, 50.0, 50.0, 50.0, 50.0, 50.0, 50.0, 50.0, 50.0, 50.0, 50.0, 50.0, 50.0, 50.0, 50.0, 50.0, 50.0, 50.0, 50.0, 50.0, 50.0, 50.0, 50.0, 50.0, 50.0, 50.0]",2.0,2.0,41.42783498764038
75,2.051994800871763,2.5656750719868726,2.070228777546053,18.34059720189903,2.7437749758615855,50.0,2.556013331248291,50,"(0.1,)",1,[50.0],[18.34059720189903],50.0,"[50.0, 50.0, 50.0, 50.0, 50.0, 50.0, 50.0, 50.0, 50.0, 50.0, 50.0, 50.0, 50.0, 50.0, 50.0, 50.0, 50.0, 50.0, 50.0, 50.0, 50.0, 50.0, 50.0, 50.0, 50.0, 50.0, 50.0, 50.0, 50.0, 50.0, 50.0, 50.0, 50.0, 50.0, 50.0, 50.0, 50.0, 50.0, 50.0, 50.0, 50.0, 50.0, 50.0, 50.0, 50.0, 50.0, 50.0, 50.0, 50.0, 50.0, 50.0, 50.0, 50.0, 50.0, 50.0, 50.0, 50.0, 50.0, 50.0, 50.0, 50.0, 50.0, 50.0, 50.0, 50.0, 50.0, 50.0, 50.0, 50.0, 50.0, 50.0, 50.0, 50.0, 50.0, 50.0, 50.0, 50.0, 50.0, 50.0, 50.0, 50.0, 50.0, 50.0, 50.0, 50.0, 50.0, 50.0, 50.0, 50.0, 50.0, 50.0, 50.0, 50.0, 50.0, 50.0, 50.0, 50.0, 50.0, 50.0, 50.0, 50.0, 50.0, 50.0, 50.0, 50.0, 50.0, 50.0, 50.0, 50.0, 50.0, 50.0, 50.0, 50.0, 50.0, 50.0, 50.0, 50.0, 50.0, 50.0, 50.0, 50.0, 50.0, 50.0, 50.0, 50.0, 50.0, 50.0, 50.0, 50.0, 50.0, 50.0, 50.0, 50.0, 50.0, 50.0, 50.0, 50.0, 50.0, 50.0, 50.0, 50.0, 50.0, 50.0, 50.0, 50.0, 50.0, 50.0, 50.0, 50.0, 50.0, 50.0, 50.0, 50.0, 50.0, 50.0, 50.0, 50.0, 50.0, 50.0, 50.0, 50.0, 50.0, 50.0, 50.0, 50.0, 50.0, 50.0, 50.0, 50.0, 50.0, 50.0, 50.0, 50.0, 50.0, 50.0, 50.0, 50.0, 50.0, 50.0, 50.0, 50.0, 50.0, 50.0, 50.0, 50.0, 50.0, 50.0, 50.0, 50.0, 50.0, 50.0, 50.0, 50.0, 50.0, 50.0, 50.0, 50.0, 50.0, 50.0]",2.0,2.0,42.71449327468872
76,1.959217016064235,2.458161692412247,2.2081100308872905,17.936734548008623,2.736561475384626,50.0,6.333931453579231,50,"(0.1,)",1,[50.0],[17.936734548008623],50.0,"[50.0, 50.0, 50.0, 50.0, 50.0, 50.0, 50.0, 50.0, 50.0, 50.0, 50.0, 50.0, 50.0, 50.0, 50.0, 50.0, 50.0, 50.0, 50.0, 50.0, 50.0, 50.0, 50.0, 50.0, 50.0, 50.0, 50.0, 50.0, 50.0, 50.0, 50.0, 50.0, 50.0, 50.0, 50.0, 50.0, 50.0, 50.0, 50.0, 50.0, 50.0, 50.0, 50.0, 50.0, 50.0, 50.0, 50.0, 50.0, 50.0, 50.0, 50.0, 50.0, 50.0, 50.0, 50.0, 50.0, 50.0, 50.0, 50.0, 50.0, 50.0, 50.0, 50.0, 50.0, 50.0, 50.0, 50.0, 50.0, 50.0, 50.0, 50.0, 50.0, 50.0, 50.0, 50.0, 50.0, 50.0, 50.0, 50.0, 50.0, 50.0, 50.0, 50.0, 50.0, 50.0, 50.0, 50.0, 50.0, 50.0, 50.0, 50.0, 50.0, 50.0, 50.0, 50.0, 50.0, 50.0, 50.0, 50.0, 50.0, 50.0, 50.0, 50.0, 50.0, 50.0, 50.0, 50.0, 50.0, 50.0, 50.0, 50.0, 50.0, 50.0, 50.0, 50.0, 50.0, 50.0, 50.0, 50.0, 50.0, 50.0, 50.0, 50.0, 50.0, 50.0, 50.0, 50.0, 50.0, 50.0, 50.0, 50.0, 50.0, 50.0, 50.0, 50.0, 50.0, 50.0, 50.0, 50.0, 50.0, 50.0, 50.0, 50.0, 50.0, 50.0, 50.0, 50.0, 50.0, 50.0, 50.0, 50.0, 50.0, 50.0, 50.0, 50.0, 50.0, 50.0, 50.0, 50.0, 50.0, 50.0, 50.0, 50.0, 50.0, 50.0, 50.0, 50.0, 50.0, 50.0, 50.0, 50.0, 50.0, 50.0, 50.0, 50.0, 50.0, 50.0, 50.0, 50.0, 50.0, 50.0, 50.0, 50.0, 50.0, 50.0, 50.0, 50.0, 50.0, 50.0, 50.0, 50.0, 50.0, 50.0, 50.0, 50.0, 50.0, 50.0, 50.0, 50.0]",2.0,2.0,41.29068970680237
102,2.3393860712091845,2.226751470033537,2.0760823057248112,18.05274719586128,0.17814710966646835,50.0,5.81995013163076,50,"(0.1,)",2,"[50.0, 130.1888546168583]","[18.05274719586128, 17.885670872594584]",50.0,"[50.0, 50.0, 50.0, 50.0, 50.0, 50.0, 50.0, 50.0, 50.0, 50.0, 50.0, 50.0, 50.0, 50.0, 50.0, 50.0, 50.0, 50.0, 50.0, 50.0, 50.0, 50.0, 50.0, 50.0, 50.0, 50.0, 50.0, 50.0, 50.0, 50.0, 50.0, 50.0, 50.0, 50.0, 50.0, 50.0, 50.0, 50.0, 50.0, 50.0, 50.0, 50.0, 50.0, 50.0, 50.0, 50.0, 50.0, 50.0, 50.0, 50.0, 50.0, 50.0, 50.0, 50.0, 50.0, 50.0, 50.0, 50.0, 50.0, 50.0, 50.0, 50.0, 50.0, 48.60794142843762, 48.60794142843762, 46.97587480990556]",0.66,0.66,14.359723567962646
103,2.4991302134777036,2.4577987324575785,1.798460268861277,18.763170366401283,3.10067574765406,50.0,4.574087303853948,50,"(0.1,)",3,"[50.0, 130.1888546168583, 113.2586005282906]","[18.763170366401283, 19.47814466782605, 13.041055115190074]",41.68029527197426,"[41.68029527197426, 41.89234125808787, 42.49000947697285, 42.49000947697285, 41.89234125808787, 41.68029527197426, 41.68029527197426, 41.68029527197426, 41.68029527197426, 42.49000947697285, 42.49000947697285, 43.22459803157254, 43.22459803157254, 44.27382467921035, 44.27382467921035, 44.27382467921035, 44.577761820622285, 44.577761820622285, 44.577761820622285, 44.75557483068317, 44.577761820622285, 44.577761820622285, 44.27382467921035, 44.27382467921035, 44.27382467921035, 44.27382467921035, 44.27382467921035, 44.057570604109955, 44.057570604109955, 43.68688743406305, 43.68688743406305, 43.68688743406305, 43.68688743406305, 42.49000947697285, 42.49000947697285, 42.244990149402305, 42.244990149402305, 41.68029527197426, 42.49000947697285, 43.22459803157254, 43.68688743406305, 43.872503401530345, 44.27382467921035, 43.68688743406305, 43.00668211597583, 42.49000947697285, 41.68029527197426, 40.129379566539356, 39.386902383332526]",0.48,0.49,11.081472396850586
104,2.4771421986995126,2.4515166524694925,1.8183030512391338,18.763170366401283,0.23023016165199556,50.0,9.491023406203032,50,"(0.1,)",3,"[50.0, 130.1888546168583, 113.2586005282906]","[18.763170366401283, 19.223555065736345, 14.620887569050588]",41.68029527197426,"[42.49000947697285, 43.22459803157254, 43.872503401530345, 44.27382467921035, 44.27382467921035, 44.577761820622285, 44.577761820622285, 44.577761820622285, 44.577761820622285, 44.75557483068317, 44.577761820622285, 44.577761820622285, 44.577761820622285, 44.27382467921035, 44.27382467921035, 44.27382467921035, 44.27382467921035, 44.057570604109955, 44.057570604109955, 43.68688743406305, 43.68688743406305, 43.68688743406305, 43.68688743406305, 42.49000947697285, 42.49000947697285, 42.244990149402305, 42.244990149402305, 41.68029527197426, 42.49000947697285, 43.22459803157254, 43.68688743406305, 43.872503401530345, 44.27382467921035, 43.68688743406305, 43.00668211597583, 42.49000947697285, 41.68029527197426, 40.129379566539356, 39.386902383332526]",0.38,0.39,9.631828784942627
106,2.6910392125801694,2.831490767681999,1.4018049647316246,19.849243107603396,2.926970274194848,50.0,6.911705598812818,50,"(0.1,)",1,[50.0],[19.849243107603396],50.0,"[50.0, 50.0, 50.0, 50.0, 50.0, 50.0, 50.0, 50.0, 50.0, 50.0, 50.0, 50.0, 50.0, 50.0, 50.0, 50.0, 50.0, 50.0, 50.0, 50.0, 50.0, 50.0, 50.0, 50.0, 50.0, 50.0, 50.0, 50.0, 50.0, 50.0, 50.0, 50.0, 50.0, 50.0, 50.0, 50.0, 50.0, 50.0, 50.0, 50.0, 50.0, 50.0, 50.0, 50.0, 50.0, 50.0, 50.0, 50.0, 50.0, 50.0, 50.0, 50.0, 50.0, 50.0, 50.0, 50.0, 50.0, 50.0, 50.0, 50.0, 50.0, 50.0, 50.0, 50.0, 50.0, 50.0, 50.0, 50.0, 50.0, 50.0, 50.0, 50.0, 50.0, 50.0, 50.0, 50.0, 50.0, 50.0, 50.0, 50.0, 50.0, 50.0, 50.0, 50.0, 50.0, 50.0, 50.0, 50.0, 50.0, 50.0, 50.0, 50.0, 50.0, 50.0, 50.0, 50.0, 50.0, 50.0, 50.0, 50.0, 50.0, 50.0, 50.0, 50.0, 50.0, 50.0, 50.0, 50.0, 50.0, 50.0, 50.0, 50.0, 50.0, 50.0, 50.0, 50.0, 50.0, 50.0, 50.0, 50.0, 50.0, 50.0, 50.0, 50.0, 50.0, 50.0, 50.0, 50.0, 50.0, 50.0, 50.0, 50.0, 50.0, 50.0, 50.0, 50.0, 50.0, 50.0, 50.0, 50.0, 50.0, 50.0, 50.0, 50.0, 50.0, 50.0, 50.0, 50.0, 50.0, 50.0, 50.0, 50.0, 50.0, 50.0, 50.0, 50.0, 50.0, 50.0, 50.0, 50.0, 50.0, 50.0, 50.0, 50.0, 50.0, 50.0, 50.0, 50.0, 50.0, 50.0, 50.0, 50.0, 50.0, 50.0, 50.0, 50.0, 50.0, 50.0, 50.0, 50.0, 50.0, 50.0, 50.0, 50.0, 50.0, 50.0, 50.0, 50.0, 50.0, 50.0, 50.0, 50.0, 50.0, 50.0, 50.0, 50.0, 50.0, 50.0, 50.0]",2.0,2.0,42.723093032836914
107,2.546202021289569,2.579622989770497,1.6789615598997703,19.13345216068626,0.15698376402848652,50.0,10.169178396520701,50,"(0.1,)",3,"[50.0, 54.9873571959253, 113.2586005282906]","[19.13345216068626, 19.691451743519263, 16.725763289344528]",42.49000947697285,"[43.68688743406305, 43.872503401530345, 44.27382467921035, 43.68688743406305, 43.00668211597583, 42.49000947697285, 41.68029527197426, 40.129379566539356]",0.08000000000000002,0.08000000000000002,1.9039084911346436
108,2.307292483685431,2.1720196734411905,2.138089541772561,17.712024577613164,3.0003129868253477,50.0,21.153685855663838,50,"(0.1,)",2,"[50.0, 113.2586005282906]","[17.712024577613164, 18.393231247640546]",50.0,"[50.0, 50.0, 50.0, 48.60794142843762, 48.60794142843762, 46.97587480990556]",0.060000000000000005,0.060000000000000005,1.5345873832702637
133,2.7573118002911268,2.4115274067944683,1.6664149377041675,18.970930009785086,3.0714425189882872,50.0,0.4342287864095891,50,"(0.1,)",1,[50.0],[18.970930009785086],50.0,"[50.0, 50.0, 50.0, 50.0, 50.0, 50.0, 50.0, 50.0, 50.0, 50.0, 50.0, 50.0, 50.0, 50.0, 50.0, 50.0, 50.0, 50.0, 50.0, 50.0, 50.0, 50.0, 50.0, 50.0, 50.0, 50.0, 50.0, 50.0, 50.0, 50.0, 50.0, 50.0, 50.0, 50.0, 50.0, 50.0, 50.0, 50.0, 50.0, 50.0, 50.0, 50.0, 50.0, 50.0, 50.0, 50.0, 50.0, 50.0, 50.0, 50.0, 50.0, 50.0, 50.0, 50.0, 50.0, 50.0, 50.0, 50.0, 50.0, 50.0, 50.0, 50.0, 50.0, 50.0, 50.0, 50.0, 50.0, 50.0, 50.0, 50.0, 50.0, 50.0, 50.0, 50.0, 50.0, 50.0, 50.0, 50.0, 50.0, 50.0, 50.0, 50.0, 50.0, 50.0, 50.0, 50.0, 50.0, 50.0, 50.0, 50.0, 50.0, 50.0, 50.0, 50.0, 50.0, 50.0, 50.0, 50.0, 50.0, 50.0, 49.448315217694244, 49.448315217694244, 47.0058030263494]",1.03,1.03,22.103170156478882
136,2.748148676081843,2.351511465504637,1.7203128367688105,18.63265225876798,0.07870561355606383,50.0,6.922968469979909,50,"(0.1,)",4,"[50.0, 54.9873571959253, 113.2586005282906, 84.95963558771903]","[18.63265225876798, 20.040328121421975, 15.258731284681232, 16.41244378064757]",31.046322481196547,"[31.600880381834564, 31.617598319113682, 32.13887969873643, 32.60908334043211, 33.310802012059206, 33.62747909576858, 33.78334643121647, 33.78334643121647, 33.78334643121647, 33.95872517369583, 33.831463900051155, 33.831463900051155, 33.831463900051155, 33.80221997842625, 33.53883950505158, 33.53883950505158, 32.62345253321579, 32.62345253321579, 32.62345253321579, 32.21354539737714, 31.936842916677712, 31.936842916677712, 32.62345253321579, 32.62345253321579, 32.62345253321579, 32.62345253321579, 33.17573135634888, 33.17573135634888, 33.17573135634888, 33.406235985505816, 33.594708022118006, 33.74640547003737, 33.74640547003737, 33.74640547003737, 33.406235985505816, 33.17573135634888, 32.93402478092008, 32.62345253321579, 31.936842916677712, 31.936842916677712, 31.116806457077676, 31.116806457077676, 31.936842916677712, 32.32767562008499, 32.93402478092008, 32.62345253321579, 32.62345253321579, 31.586960957265866, 31.586960957265866, 31.116806457077676, 31.116806457077676, 31.116806457077676, 31.116806457077676, 31.116806457077676, 31.116806457077676, 30.166161929013185, 29.089672374083197]",0.5700000000000001,0.5700000000000001,12.527710676193237
137,3.27127392758326,3.0932371477277028,0.8127214138537271,20.299251578238877,0.05332001759740568,50.0,1.7924349122316547,50,"(0.1,)",4,"[50.0, 54.9873571959253, 113.2586005282906, 84.95963558771903]","[20.299251578238877, 19.78284074139662, 11.923524471122665, 18.59916616189152]",33.78334643121647,"[33.831463900051155, 33.831463900051155, 33.940169821213075, 33.80221997842625, 33.53883950505158, 33.17573135634888, 32.62345253321579, 32.62345253321579, 32.62345253321579, 32.21354539737714, 31.936842916677712]",0.07,0.11000000000000001,2.4414994716644287
138,3.6695199012380235,3.7795822805447,0.0857447235633938,19.593848516934052,1.2684074953297595,50.0,4.155293609978367,50,"(0.1,)",3,"[50.0, 54.9873571959253, 84.95963558771903]","[19.593848516934052, 18.740475610093775, 19.6944166655352]",43.497936710954384,"[42.58245722223695, 42.58245722223695, 43.497936710954384, 43.497936710954384, 43.497936710954384, 43.497936710954384, 44.23430847513183, 44.23430847513183, 44.23430847513183, 44.54164798067442, 44.79294402949067, 44.99520729338315, 44.99520729338315, 44.99520729338315, 44.54164798067442, 44.54164798067442, 43.91203304122678, 43.497936710954384, 43.497936710954384, 42.58245722223695, 41.48907527610356, 41.48907527610356, 42.58245722223695, 43.10356749344665, 43.91203304122678, 43.497936710954384, 43.497936710954384, 42.115947943021155, 42.115947943021155, 41.48907527610356, 41.48907527610356, 41.48907527610356, 41.48907527610356, 41.48907527610356, 41.48907527610356, 40.22154923868425]",0.21,0.36,7.475233554840088
139,3.5700665609806985,3.6286370906163112,0.21703685919996663,19.929866826375036,2.751287253889908,50.0,6.325320762118023,50,"(0.1,)",2,"[50.0, 84.95963558771903]","[19.929866826375036, 20.294228658680197]",50.0,"[50.0, 50.0, 50.0, 50.0, 50.0, 50.0, 50.0, 50.0, 50.0, 50.0, 50.0, 50.0, 50.0, 50.0, 50.0, 50.0, 50.0, 50.0, 50.0, 50.0, 50.0, 50.0, 50.0, 50.0, 50.0, 50.0, 50.0, 50.0, 50.0, 48.57709545208367, 45.49725188455932]",0.31,0.31,7.62879204750061
140,3.7455963545849746,3.8165702921628486,0.06671578442608837,19.175703632833688,2.33702987247254,50.0,5.5160744139749545,50,"(0.1,)",2,"[50.0, 84.95963558771903]","[19.175703632833688, 20.333688989824182]",50.0,"[50.0, 50.0, 50.0, 50.0, 50.0, 50.0, 50.0, 50.0, 50.0, 50.0, 50.0, 50.0, 50.0, 50.0, 50.0, 50.0, 50.0, 50.0, 50.0, 48.57709545208367, 45.49725188455932]",0.21,0.21,4.291559934616089
141,3.8256392010638516,3.881330954268107,0.15155562769672842,18.962443366662846,3.008429334365039,50.0,2.913660332847257,50,"(0.1,)",3,"[50.0, 54.9873571959253, 84.95963558771903]","[18.962443366662846, 16.412014840271084, 20.04989064451037]",42.115947943021155,"[41.48907527610356, 41.48907527610356, 41.48907527610356, 41.48907527610356, 41.48907527610356, 40.22154923868425, 38.78622983211093]",0.060000000000000005,0.07,1.9661567211151123
208,7.965321852098903,5.631014797490181,1.8235876006416945,15.025157562133028,1.1044200857907809,50.0,1.1891818301273276,50,"(0.1,)",1,[50.0],[15.025157562133028],50.0,"[50.0, 50.0, 50.0, 50.0, 50.0, 50.0, 50.0, 50.0, 50.0, 50.0, 50.0, 50.0, 50.0, 50.0, 50.0, 50.0, 50.0, 50.0, 50.0, 50.0, 50.0, 50.0, 50.0, 50.0, 50.0, 50.0, 50.0, 50.0, 50.0, 50.0, 50.0, 50.0, 50.0, 50.0, 50.0, 50.0, 50.0, 50.0, 50.0, 50.0, 50.0, 50.0, 50.0, 50.0, 50.0, 50.0, 50.0, 50.0, 50.0, 50.0, 50.0, 50.0, 50.0, 50.0, 50.0, 50.0, 50.0, 50.0, 50.0, 50.0, 50.0, 50.0, 50.0, 50.0, 50.0, 50.0, 50.0, 50.0, 50.0, 50.0, 50.0, 50.0, 50.0, 50.0, 50.0, 50.0, 50.0, 50.0, 50.0, 50.0, 50.0, 50.0, 50.0, 50.0, 50.0, 50.0, 50.0, 50.0, 50.0, 50.0, 50.0, 50.0, 50.0, 50.0, 50.0, 50.0, 50.0, 50.0, 50.0, 50.0, 50.0, 50.0, 50.0, 50.0, 50.0, 50.0, 50.0, 50.0, 50.0, 50.0, 50.0, 50.0, 50.0, 50.0, 50.0, 50.0, 50.0, 50.0, 50.0, 50.0, 50.0, 50.0, 50.0, 50.0, 50.0, 50.0, 50.0, 50.0, 50.0, 50.0, 50.0, 50.0, 50.0, 50.0, 50.0, 50.0, 50.0, 50.0, 50.0, 50.0, 50.0, 50.0, 50.0, 50.0, 50.0, 50.0, 50.0, 50.0, 50.0, 50.0, 50.0, 50.0, 50.0, 50.0, 50.0, 50.0, 50.0, 50.0, 50.0, 50.0, 50.0, 50.0, 50.0, 50.0, 50.0, 50.0, 50.0, 50.0, 50.0, 50.0, 50.0, 50.0, 50.0, 50.0, 50.0, 50.0, 50.0, 50.0, 50.0, 50.0, 50.0, 50.0, 50.0, 50.0, 50.0, 50.0, 50.0, 49.761071045212844, 45.025647534272856]",1.89,1.89,40.62909913063049
209,8.144332214582843,5.926000264570266,1.9218403595941245,15.946500347842925,1.1616493888809551,50.0,4.925136238569679,50,"(0.1,)",1,[50.0],[15.946500347842925],50.0,"[50.0, 50.0, 50.0, 50.0, 50.0, 50.0, 50.0, 50.0, 50.0, 50.0, 50.0, 50.0, 50.0, 50.0, 50.0, 50.0, 50.0, 50.0, 50.0, 50.0, 50.0, 50.0, 50.0, 50.0, 50.0, 50.0, 50.0, 50.0, 50.0, 50.0, 50.0, 50.0, 50.0, 50.0, 50.0, 50.0, 50.0, 50.0, 50.0, 50.0, 50.0, 50.0, 50.0, 50.0, 50.0, 50.0, 50.0, 50.0, 50.0, 50.0, 50.0, 50.0, 50.0, 50.0, 50.0, 50.0, 50.0, 50.0, 50.0, 50.0, 50.0, 50.0, 50.0, 50.0, 50.0, 50.0, 50.0, 50.0, 50.0, 50.0, 50.0, 50.0, 50.0, 50.0, 50.0, 50.0, 50.0, 50.0, 50.0, 50.0, 50.0, 50.0, 50.0, 50.0, 50.0, 50.0, 50.0, 50.0, 50.0, 50.0, 50.0, 50.0, 50.0, 50.0, 50.0, 50.0, 50.0, 50.0, 50.0, 50.0, 50.0, 50.0, 50.0, 50.0, 50.0, 50.0, 50.0, 50.0, 50.0, 50.0, 50.0, 50.0, 50.0, 50.0, 50.0, 50.0, 50.0, 50.0, 50.0, 50.0, 50.0, 50.0, 50.0, 50.0, 50.0, 50.0, 50.0, 50.0, 50.0, 50.0, 50.0, 50.0, 50.0, 50.0, 50.0, 50.0, 50.0, 50.0, 50.0, 50.0, 50.0, 50.0, 50.0, 50.0, 50.0, 50.0, 50.0, 50.0, 50.0, 50.0, 50.0, 50.0, 50.0, 50.0, 50.0, 50.0, 50.0, 50.0, 50.0, 50.0, 50.0, 50.0, 50.0, 50.0, 50.0, 50.0, 50.0, 50.0, 50.0, 50.0, 50.0, 50.0, 50.0, 50.0, 50.0, 50.0, 50.0, 49.761071045212844, 45.025647534272856]",1.79,1.79,37.23954939842224
323,2.4422906310553563,3.232513314372442,1.4063769990395156,19.691451743519263,1.9663653511014836,50.0,9.537178609443446,50,"(0.1,)",2,"[50.0, 103.51536543574676]","[19.691451743519263, 18.122110612773]",50.0,"[50.0, 50.0, 50.0, 50.0, 50.0, 50.0, 50.0, 50.0, 50.0, 50.0, 50.0, 50.0, 50.0, 50.0, 50.0, 50.0, 50.0, 50.0, 50.0, 49.675507926599785, 49.675507926599785, 49.675507926599785, 50.0, 49.675507926599785, 49.675507926599785, 49.675507926599785, 49.675507926599785, 48.64383050719651, 47.151015641169245]",0.29000000000000004,0.29000000000000004,5.568235874176025
357,7.607534979389632,3.2480137124168498,1.447373985253266,19.271687256637826,0.6825846155536787,50.0,3.4883900203812663,50,"(0.1,)",2,"[50.0, 52.03188236255164]","[19.271687256637826, 18.388143875474608]",50.0,"[50.0, 50.0, 50.0, 50.0, 50.0, 50.0, 50.0, 50.0, 50.0, 50.0, 50.0, 50.0, 50.0, 50.0, 50.0, 50.0, 50.0, 50.0, 50.0, 50.0, 50.0, 50.0, 50.0, 50.0, 50.0, 50.0, 50.0, 50.0, 50.0, 50.0, 50.0, 50.0, 50.0, 50.0, 50.0, 50.0, 50.0, 50.0, 50.0, 50.0, 50.0, 50.0, 50.0, 50.0, 50.0, 50.0, 50.0, 50.0, 50.0, 50.0, 50.0, 50.0, 50.0, 50.0, 50.0, 50.0, 50.0, 50.0, 50.0, 50.0, 50.0, 50.0, 50.0, 50.0, 49.772334229792044, 49.772334229792044, 48.214821132343445, 47.358296221774935]",0.67,0.68,13.236840009689331
358,7.714836101206983,3.0960795348532493,1.604168562881413,19.0563489227845,2.540410031337674,50.0,3.9155774737439613,50,"(0.1,)",1,[50.0],[19.0563489227845],50.0,"[50.0, 50.0, 50.0, 50.0, 50.0, 50.0, 50.0, 50.0, 50.0, 50.0, 50.0, 50.0, 50.0, 50.0, 50.0, 50.0, 50.0, 50.0, 50.0, 50.0, 50.0, 50.0, 50.0, 50.0, 50.0, 50.0, 50.0, 50.0, 50.0, 50.0, 50.0, 50.0, 50.0, 50.0, 50.0, 50.0, 50.0, 50.0, 50.0, 50.0, 50.0, 50.0, 50.0, 50.0, 50.0, 50.0, 50.0, 50.0, 50.0, 50.0, 50.0, 50.0, 50.0, 50.0, 50.0, 50.0, 50.0, 50.0, 50.0, 50.0, 50.0, 50.0, 50.0, 50.0, 50.0, 50.0, 50.0, 50.0, 50.0, 50.0, 50.0, 50.0, 50.0, 50.0, 50.0, 50.0, 50.0, 50.0, 50.0, 50.0, 50.0, 50.0, 50.0, 50.0, 50.0, 50.0, 50.0, 50.0, 50.0, 50.0, 50.0, 50.0, 50.0, 50.0, 50.0, 50.0, 50.0, 50.0, 50.0, 50.0, 50.0, 50.0, 50.0, 50.0, 50.0, 50.0, 50.0, 50.0, 50.0, 50.0, 50.0, 50.0, 50.0, 50.0, 50.0, 50.0, 50.0, 50.0, 50.0, 50.0, 50.0, 50.0, 50.0, 50.0, 50.0, 50.0, 50.0, 50.0, 50.0, 50.0, 50.0, 50.0, 50.0, 50.0, 50.0, 50.0, 50.0, 50.0, 50.0, 50.0, 50.0, 50.0, 50.0, 50.0, 50.0, 50.0, 50.0, 50.0, 50.0, 50.0, 50.0, 50.0, 50.0, 50.0, 50.0, 50.0, 50.0, 50.0, 50.0, 50.0, 50.0, 50.0, 50.0, 50.0, 50.0, 50.0, 50.0, 50.0, 50.0, 50.0, 50.0, 50.0, 50.0, 50.0, 50.0, 50.0, 50.0, 50.0, 50.0, 50.0, 50.0, 50.0, 50.0, 50.0, 50.0, 50.0, 50.0, 50.0, 50.0, 50.0, 50.0, 50.0, 50.0, 50.0, 50.0, 50.0, 50.0, 50.0, 50.0]",2.0,2.0,39.8943989276886
359,7.975133822566627,2.7213546568505746,2.0085312912041826,18.346770692278287,0.3774840445445714,50.0,5.975496876007028,50,"(0.1,)",1,[50.0],[18.346770692278287],50.0,"[50.0, 50.0, 50.0, 50.0, 50.0, 50.0, 50.0, 50.0, 50.0, 50.0, 50.0, 50.0, 50.0, 50.0, 50.0, 50.0, 50.0, 50.0, 50.0, 50.0, 50.0, 50.0, 50.0, 50.0, 50.0, 50.0, 50.0, 50.0, 50.0, 50.0, 50.0, 50.0, 50.0, 50.0, 50.0, 50.0, 50.0, 50.0, 50.0, 50.0, 50.0, 50.0, 50.0, 50.0, 50.0, 50.0, 50.0, 50.0, 50.0, 50.0, 50.0, 50.0, 50.0, 50.0, 50.0, 50.0, 50.0, 50.0, 50.0, 50.0, 50.0, 50.0, 50.0, 50.0, 50.0, 50.0, 50.0, 50.0, 50.0, 50.0, 50.0, 50.0, 50.0, 50.0, 50.0, 50.0, 50.0, 50.0, 50.0, 50.0, 50.0, 50.0, 50.0, 50.0, 50.0, 50.0, 50.0, 50.0, 50.0, 50.0, 50.0, 50.0, 50.0, 50.0, 50.0, 50.0, 50.0, 50.0, 50.0, 50.0, 50.0, 50.0, 50.0, 50.0, 50.0, 50.0, 50.0, 50.0, 50.0, 50.0, 50.0, 50.0, 50.0, 50.0, 50.0, 50.0, 50.0, 50.0, 50.0, 50.0, 50.0, 50.0, 50.0, 50.0, 50.0, 50.0, 50.0, 50.0, 50.0, 50.0, 50.0, 50.0, 50.0, 50.0, 50.0, 50.0, 50.0, 50.0, 50.0, 50.0, 50.0, 50.0, 50.0, 50.0, 50.0, 50.0, 50.0, 50.0, 50.0, 50.0, 50.0, 50.0, 50.0, 50.0, 50.0, 50.0, 50.0, 50.0, 50.0, 50.0, 50.0, 50.0, 50.0, 50.0, 50.0, 50.0, 50.0, 50.0, 50.0, 50.0, 50.0, 50.0, 50.0, 50.0, 50.0, 50.0, 50.0, 50.0, 50.0, 50.0, 50.0, 50.0, 50.0, 50.0, 50.0, 50.0, 50.0, 50.0, 50.0, 50.0, 50.0, 50.0, 50.0, 50.0, 50.0, 50.0, 50.0, 50.0, 50.0]",2.0,2.0,39.29618716239929
363,7.918938322535968,3.043261610554058,1.812411177284508,18.608113784564637,2.7677199345083574,50.0,23.24023091753669,50,"(0.1,)",3,"[50.0, 130.1888546168583, 102.33872150138738]","[18.608113784564637, 17.2626738320309, 15.438171692946517]",41.34148979360776,[38.96076644422685],0.01,0.01,0.7442467212677002
367,8.183659244038582,2.355619399696314,2.383974691677562,17.12617390237854,0.33814075870595806,50.0,17.364843448200617,50,"(0.1,)",2,"[50.0, 130.1888546168583]","[17.12617390237854, 16.78355672618134]",50.0,"[50.0, 50.0, 50.0, 50.0, 50.0, 50.0, 50.0, 50.0, 50.0, 50.0, 50.0, 50.0, 50.0, 50.0, 50.0, 50.0, 50.0, 50.0, 50.0, 50.0, 50.0, 50.0, 50.0, 50.0, 50.0, 50.0, 50.0, 50.0, 50.0, 50.0, 50.0, 50.0, 50.0, 50.0, 50.0, 50.0, 50.0, 50.0, 50.0, 50.0, 50.0, 50.0, 50.0, 50.0, 50.0, 50.0, 50.0, 50.0, 50.0, 50.0, 50.0, 50.0, 50.0, 50.0, 50.0, 50.0, 50.0, 50.0, 50.0, 50.0, 50.0, 50.0, 50.0, 50.0, 50.0, 50.0, 50.0, 50.0, 50.0, 50.0, 50.0, 50.0, 50.0, 50.0, 50.0, 50.0, 50.0, 50.0, 50.0, 50.0, 50.0, 50.0, 50.0, 50.0, 50.0, 50.0, 50.0, 50.0, 50.0, 50.0, 50.0, 50.0, 50.0, 50.0, 50.0, 50.0, 50.0, 50.0, 50.0, 50.0, 50.0, 50.0, 50.0, 50.0, 50.0, 50.0, 50.0, 50.0, 50.0, 50.0, 50.0, 50.0, 50.0, 50.0, 50.0, 50.0, 50.0, 50.0, 50.0, 50.0, 50.0, 50.0, 50.0, 48.232627939330264, 47.87674004483202, 45.47578724384658]",1.24,1.26,24.196457147598267
428,2.8401618854904496,8.153577950808488,2.1098375315219267,18.082728256377795,2.929849509927368,50.0,6.3872437152315635,50,"(0.1,)",2,"[50.0, 102.33872150138738]","[18.082728256377795, 16.675575202595283]",50.0,"[50.0, 50.0, 50.0, 50.0, 50.0, 50.0, 50.0, 50.0, 50.0, 50.0, 50.0, 50.0, 50.0, 50.0, 50.0, 50.0, 50.0, 50.0, 50.0, 50.0, 49.54730627286232, 49.54730627286232, 49.54730627286232, 49.54730627286232, 49.54730627286232, 49.54730627286232, 48.333091214208395, 47.09382940075855]",0.27,0.28,5.390917778015137
444,2.1819459088427227,8.477265712517024,2.7238770506300467,16.940788769760243,3.0106835803793177,50.0,12.421871745379264,50,"(0.1,)",2,"[50.0, 130.1888546168583]","[16.940788769760243, 15.567751103921719]",50.0,"[50.0, 50.0, 50.0, 50.0, 50.0, 50.0, 50.0, 50.0, 50.0, 50.0, 50.0, 50.0, 50.0, 50.0, 50.0, 50.0, 46.92598211366197]",0.16999999999999998,0.16999999999999998,3.557927370071411
454,2.586277329830441,8.08496033748217,2.17286214316492,18.48986263707134,0.0365064554615846,50.0,4.11637225750841,50,"(0.1,)",3,"[50.0, 56.16828418168198, 79.74105540549463]","[18.48986263707134, 19.953269132779894, 18.99766899179186]",41.08321598988222,"[41.12626645176414, 41.08321598988222, 40.35852795303573, 39.55344286139263, 38.78926714567247]",0.04,0.049999999999999996,1.540294885635376
456,2.748783559732798,7.934348911893279,1.959455438956804,18.84033953319185,0.18116812640070862,50.0,5.483374663178127,50,"(0.1,)",6,"[50.0, 115.27296690582034, 56.16828418168198, 130.1888546168583, 79.74105540549463, 103.51536543574676]","[18.84033953319185, 13.69754925345031, 19.953269132779894, 19.00405110674205, 19.316554875085682, 20.225600107867354]",20.9244864104228,"[21.259113176151676, 21.259113176151676, 20.9244864104228, 21.274251967047004, 21.274251967047004, 21.259113176151676, 20.9244864104228, 20.9244864104228, 20.9244864104228, 20.9244864104228, 20.9244864104228, 20.56313322588207, 20.56313322588207, 20.179263976517866, 19.776721430696316]",0.13999999999999999,0.15,3.6367130279541016
457,2.729823109952259,7.947867612569363,1.9807865399379785,18.84033953319185,0.26312460032346785,50.0,2.2282575774451083,50,"(0.1,)",4,"[50.0, 115.27296690582034, 79.74105540549463, 103.51536543574676]","[18.84033953319185, 19.0724908819572, 18.728468973561338, 19.911153055063778]",31.386729615634206,"[31.386729615634206, 30.844699838823104, 30.2688959647768, 30.2688959647768, 29.665082146044476]",0.03,0.049999999999999996,1.7028272151947021
485,0.9341492923396916,6.664190448130841,2.846149844114657,15.004901045086378,0.7282333182172093,50.0,15.253061063076938,50,"(0.1,)",4,"[50.0, 128.1710411214003, 113.2586005282906, 103.51536543574676]","[15.004901045086378, 19.504086183631806, 17.87141037528969, 20.388133853846746]",25.146929429860375,"[25.46712393003181, 25.56423781482307, 25.05285802132823, 25.04634898906663, 25.04634898906663, 24.981841331801572, 23.595169683072072]",0.07,0.07,1.774559497833252
510,7.577219163917302,1.8936162695537042,2.2820322661467887,15.91633515827567,1.4228607039911352,50.0,16.734451382948382,50,"(0.1,)",2,"[50.0, 79.74105540549463]","[15.91633515827567, 16.73253579442231]",50.0,"[50.0, 50.0, 50.0, 50.0, 50.0, 50.0, 50.0, 50.0, 50.0, 50.0, 50.0, 50.0, 50.0, 50.0, 50.0, 50.0, 50.0, 50.0, 50.0, 50.0, 50.0, 50.0, 50.0, 50.0, 50.0, 50.0, 50.0, 50.0, 50.0, 50.0, 50.0, 50.0, 50.0, 50.0, 50.0, 50.0, 50.0, 50.0, 50.0, 50.0, 50.0, 50.0, 50.0, 50.0, 50.0, 50.0, 50.0, 50.0, 50.0, 50.0, 50.0, 50.0, 50.0, 50.0, 50.0, 50.0, 50.0, 50.0, 50.0, 50.0, 50.0, 50.0, 50.0, 50.0, 50.0, 50.0, 50.0, 50.0, 50.0, 50.0, 50.0, 50.0, 50.0, 50.0, 50.0, 50.0, 50.0, 50.0, 50.0, 50.0, 50.0, 50.0, 50.0, 50.0, 50.0, 50.0, 50.0, 50.0, 50.0, 50.0, 50.0, 50.0, 50.0, 50.0, 50.0, 50.0, 50.0, 50.0, 50.0, 50.0, 50.0, 50.0, 50.0, 50.0, 50.0, 50.0, 50.0, 50.0, 50.0, 50.0, 50.0, 50.0, 50.0, 50.0, 49.52781474595383, 47.60740206081265, 46.67787175312285]",1.16,1.17,23.550797939300537
511,8.055707373188147,2.407881920019391,2.249857786216025,17.565022171396866,1.5246085609236728,50.0,7.147026818317221,50,"(0.1,)",2,"[50.0, 79.74105540549463]","[17.565022171396866, 14.92443959527427]",50.0,"[50.0, 50.0, 50.0, 50.0, 50.0, 50.0, 50.0, 50.0, 50.0, 50.0, 50.0, 50.0, 50.0, 50.0, 50.0, 50.0, 50.0, 50.0, 50.0, 50.0, 50.0, 50.0, 50.0, 50.0, 50.0, 50.0, 50.0, 50.0, 50.0, 50.0, 50.0, 50.0, 50.0, 50.0, 50.0, 50.0, 50.0, 50.0, 50.0, 50.0, 50.0, 50.0, 50.0, 50.0, 50.0, 50.0, 50.0, 50.0, 50.0, 50.0, 50.0, 50.0, 50.0, 50.0, 50.0, 50.0, 50.0, 50.0, 50.0, 50.0, 50.0, 50.0, 50.0, 50.0, 50.0, 50.0, 50.0, 50.0, 50.0, 50.0, 50.0, 50.0, 50.0, 50.0, 50.0, 50.0, 50.0, 50.0, 50.0, 50.0, 50.0, 50.0, 50.0, 50.0, 50.0, 50.0, 50.0, 50.0, 50.0, 50.0, 50.0, 50.0, 50.0, 50.0, 50.0, 50.0, 50.0, 50.0, 50.0, 50.0, 50.0, 50.0, 50.0, 49.52781474595383, 47.60740206081265, 46.67787175312285]",1.05,1.06,21.522737503051758
512,7.7330765963743335,1.8970489700191775,2.373382335448772,15.860688784421466,1.773775937762597,50.0,14.9389839717301,50,"(0.1,)",3,"[50.0, 128.1710411214003, 79.74105540549463]","[15.860688784421466, 13.403407252736821, 16.330525830449588]",35.37166576736732,"[34.45628240915125, 34.45628240915125, 34.45628240915125, 34.45628240915125, 34.45628240915125, 34.45628240915125, 34.45628240915125, 33.39821376823778]",0.08000000000000002,0.08000000000000002,1.9246869087219238
514,7.725122787562129,1.9636831204103387,2.3166603619633177,16.289700121256455,1.7207003111299355,50.0,5.86343849864757,50,"(0.1,)",4,"[50.0, 115.27296690582034, 128.1710411214003, 79.74105540549463]","[16.289700121256455, 11.869040471163057, 14.75971888396463, 19.742437985312097]",27.22414731351783,"[27.3094068440597, 26.591922377962987, 26.591922377962987, 26.618853761617125, 26.618853761617125, 25.84801166627697]",0.060000000000000005,0.060000000000000005,1.9984376430511475
515,7.839848629553945,2.1611478044680097,2.2476810192154453,16.97523863859399,1.3544799999070567,50.0,10.140120045395976,50,"(0.1,)",5,"[50.0, 115.27296690582034, 128.1710411214003, 79.74105540549463, 28.37569007803743]","[16.97523863859399, 18.60833697024332, 14.92443959527427, 18.705733517848447, 13.68879927930854]",22.670862867172488,"[23.676382968751064, 23.730480972560528, 23.686073620223116, 23.54637138697963, 23.378258218631856, 22.447329396182422, 21.66676957778649, 20.98104629354752]",0.07,0.08000000000000002,2.2992234230041504
516,8.741436703393568,3.557961276288014,2.4988268684367743,15.67377485604098,2.1864442913922595,50.0,11.471535940546703,50,"(0.1,)",3,"[50.0, 115.27296690582034, 79.74105540549463]","[15.67377485604098, 19.32535424730668, 17.92179314849347]",34.96841048924586,"[34.47280517069219, 34.47280517069219, 33.746204951874915, 33.746204951874915, 34.47280517069219, 34.96841048924586, 33.746204951874915, 34.96841048924586, 36.111282629644144, 36.111282629644144, 36.44965085884553, 36.44965085884553, 36.44965085884553, 38.26209130063167, 38.98662860571761, 38.98662860571761, 38.963763697719756, 38.963763697719756, 38.963763697719756, 38.98662860571761, 38.963763697719756, 38.963763697719756, 38.963763697719756, 38.963763697719756, 38.85947003648742, 39.4493339883571, 39.24395231163271, 39.78466942969606, 39.24395231163271, 39.4493339883571, 39.4493339883571, 39.4493339883571, 39.4493339883571, 39.4493339883571, 39.24395231163271, 39.24395231163271, 39.78466942969606, 39.24395231163271, 39.24395231163271, 39.24395231163271, 39.4493339883571, 38.963763697719756, 38.33766511960972, 37.58199715149415, 36.44965085884553, 36.44965085884553, 35.38757836929406, 35.38757836929406, 36.44965085884553, 36.44965085884553, 36.44965085884553, 34.658876609560934, 34.239396993642806, 33.01854316396922]",0.03,0.54,10.256579637527466
517,8.680531348311755,3.4234625906427567,2.452368103453455,16.20298880508487,1.9290859792445088,50.0,3.326508879984052,50,"(0.1,)",2,"[50.0, 128.1710411214003]","[16.20298880508487, 15.351809541317682]",50.0,"[50.0, 50.0, 50.0, 50.0, 50.0, 50.0, 50.0, 50.0, 50.0, 50.0, 50.0, 50.0, 50.0, 50.0, 50.0, 50.0, 50.0, 50.0, 50.0, 50.0, 50.0, 50.0, 50.0, 50.0, 50.0, 50.0, 50.0, 50.0, 50.0, 50.0, 50.0, 50.0, 50.0, 50.0, 50.0, 50.0, 50.0, 50.0, 50.0, 50.0, 50.0, 50.0, 50.0, 49.52781474595383, 47.60740206081265, 46.67787175312285]",0.45,0.46,10.184173107147217
518,8.379037570136317,3.013813493920791,2.2527253598219796,17.528156298731894,1.3230810803362039,50.0,1.1535065401686029,50,"(0.1,)",3,"[50.0, 128.1710411214003, 79.74105540549463]","[17.528156298731894, 17.227128158154457, 17.596319955371406]",38.98662860571761,"[38.963763697719756, 38.963763697719756, 38.963763697719756, 38.963763697719756, 38.85947003648742, 39.4493339883571, 39.24395231163271, 39.78466942969606, 39.24395231163271, 39.4493339883571, 39.4493339883571, 39.4493339883571, 39.4493339883571, 39.4493339883571, 39.24395231163271, 39.24395231163271, 39.78466942969606, 39.24395231163271, 39.24395231163271, 39.24395231163271, 39.4493339883571, 39.4493339883571, 38.33766511960972, 37.58199715149415, 36.44965085884553]",0.24,0.25,4.992825508117676
519,8.218683261377727,2.7695924586360916,2.199298235981666,17.646374726617168,1.6583409994410152,50.0,9.598617955469976,50,"(0.1,)",3,"[50.0, 128.1710411214003, 79.74105540549463]","[17.646374726617168, 16.541069887475967, 18.16628747743215]",39.24395231163271,"[39.4493339883571, 39.4493339883571, 39.4493339883571, 39.4493339883571, 39.24395231163271, 39.24395231163271, 39.78466942969606, 39.24395231163271, 39.24395231163271, 39.24395231163271, 39.4493339883571, 38.963763697719756, 38.963763697719756, 37.58199715149415, 36.44965085884553]",0.13999999999999999,0.15,3.9699525833129883
520,8.22591753467069,2.78433971835332,2.1992612130824853,17.646374726617168,1.4007975979187492,50.0,1.0850473638313,50,"(0.1,)",4,"[50.0, 128.1710411214003, 79.74105540549463, 84.95963558771903]","[17.646374726617168, 16.05159081936987, 16.220827291723708, 13.602937662699325]",29.432964233724533,"[29.587000491267823, 29.22282277328982, 28.75324883970729, 28.186497863620616, 27.337238144134147]",0.04,0.049999999999999996,1.5492053031921387
535,8.080088112212776,7.628363784170714,2.291093455094299,18.141157675423432,1.6943281641908168,50.0,0.281193803938525,50,"(0.1,)",2,"[50.0, 113.2586005282906]","[18.141157675423432, 16.02650323774602]",50.0,"[50.0, 50.0, 50.0, 50.0, 50.0, 50.0, 50.0, 50.0, 50.0, 50.0, 49.74723214932361, 49.74723214932361, 49.74723214932361, 48.334547780180486, 48.00209863651533, 48.00209863651533, 49.74723214932361, 49.74723214932361, 49.74723214932361, 49.74723214932361, 50.0, 50.0, 50.0, 50.0, 50.0, 50.0, 50.0, 50.0, 50.0, 50.0, 50.0, 50.0, 50.0, 50.0, 50.0, 50.0, 50.0, 50.0, 50.0, 50.0, 50.0, 50.0, 50.0, 49.69414534812182, 49.69414534812182, 49.69414534812182, 50.0, 50.0, 50.0, 50.0, 50.0, 50.0, 50.0, 49.69414534812182, 47.80128166203386, 45.8384577756499]",0.13999999999999999,0.56,11.128461122512817
538,8.112842808371164,7.96060662483201,2.529102282158499,17.311396864063276,1.6019474579257145,50.0,1.4237110581347507,50,"(0.1,)",2,"[50.0, 84.95963558771903]","[17.311396864063276, 17.66865837070099]",50.0,"[50.0, 50.0, 50.0, 50.0, 50.0, 50.0, 50.0, 50.0, 50.0, 50.0, 50.0, 50.0, 50.0, 49.69414534812182, 49.69414534812182, 49.69414534812182, 50.0, 50.0, 50.0, 50.0, 50.0, 50.0, 50.0, 49.69414534812182, 47.80128166203386, 45.8384577756499]",0.25,0.26,5.124854803085327
568,1.164095586095486,3.2932846138349365,2.625926613942353,15.774616868104644,2.362223145122269,50.0,8.77523750329603,50,"(0.1,)",2,"[50.0, 113.2586005282906]","[15.774616868104644, 14.185916151180813]",50.0,"[50.0, 50.0, 50.0, 50.0, 50.0, 50.0, 50.0, 50.0, 50.0, 50.0, 50.0, 50.0, 50.0, 50.0, 50.0, 50.0, 50.0, 50.0, 50.0, 50.0, 49.785301690427886, 49.785301690427886, 48.89260208415742, 47.8930553283885, 47.8930553283885, 47.8930553283885, 46.84448158792188]",0.24,0.27,6.01550030708313
575,1.552720244156607,3.897771953751338,2.2022431463747796,15.688096330581715,0.9006665223468376,50.0,9.179694743789447,50,"(0.1,)",5,"[50.0, 52.03188236255164, 113.2586005282906, 175.49967280408384, 52.403840914692104]","[15.688096330581715, 11.777491173635129, 19.175703632833688, 16.128323929470753, 16.01665481098246]",20.99957534682331,"[20.855984355006072, 20.28149755751203, 20.28149755751203, 20.28149755751203, 20.28149755751203, 20.28149755751203, 20.43605124734295, 20.99957534682331, 20.986083588583057, 20.814131756370333, 20.909509207274894, 20.84931595204863, 20.84931595204863, 20.648726074084536, 20.648726074084536, 20.648726074084536, 20.648726074084536, 20.648726074084536, 20.648726074084536, 20.84931595204863, 21.111549169021245, 21.111549169021245, 20.909509207274894, 21.100050327488237, 21.100050327488237, 21.100050327488237, 20.814131756370333, 20.814131756370333, 21.100050327488237, 20.665742959095372, 20.84931595204863, 20.648726074084536, 19.929459341009302]",0.019999999999999997,0.33,6.321908712387085
577,0.9704391998354293,3.0280884246894635,2.8717789894730497,15.348177303392925,0.7352262381723714,50.0,15.35043578021508,50,"(0.1,)",3,"[50.0, 113.2586005282906, 175.49967280408384]","[15.348177303392925, 20.40226346170636, 14.626246075990434]",34.26705733925365,"[35.185915281702066, 34.849182012124814, 34.849182012124814, 35.16675054581373, 35.16675054581373, 35.16675054581373, 34.69021959395055, 34.69021959395055, 35.16675054581373, 34.442904931825616, 34.748859920081046, 34.41454345680755, 34.41454345680755, 32.41881875401783]",0.13999999999999999,0.13999999999999999,2.8804244995117188
580,0.6934530712958648,2.36761045246333,3.354620692195963,14.408799550692992,2.5896331822996554,50.0,4.870139840458695,50,"(0.1,)",4,"[50.0, 113.2586005282906, 136.2859585268084, 103.51536543574676]","[14.408799550692992, 19.469048902344245, 18.710978309026224, 14.491539131449645]",24.189249336769116,"[24.026949744425096, 23.600619302411726, 23.41350567640358, 23.41350567640358, 22.78353773362598]",0.03,0.049999999999999996,1.2694568634033203
591,2.830853037136053,2.522979433691455,1.5331048918734034,19.298791868131467,0.037652499937326944,50.0,1.183096493502702,50,"(0.1,)",2,"[50.0, 103.51536543574676]","[19.298791868131467, 18.259268037380977]",50.0,"[50.0, 50.0, 50.0, 50.0, 50.0, 50.0, 50.0, 50.0, 50.0, 50.0, 50.0, 50.0, 50.0, 50.0, 50.0, 50.0, 50.0, 50.0, 50.0, 50.0, 50.0, 50.0, 50.0, 50.0, 50.0, 50.0, 50.0, 50.0, 50.0, 50.0, 50.0, 50.0, 50.0, 50.0, 50.0, 50.0, 50.0, 50.0, 50.0, 50.0, 50.0, 50.0, 50.0, 50.0, 50.0, 50.0, 50.0, 50.0, 50.0, 50.0, 50.0, 50.0, 50.0, 50.0, 50.0, 50.0, 50.0, 50.0, 50.0, 50.0, 50.0, 50.0, 50.0, 50.0, 50.0, 50.0, 50.0, 50.0, 50.0, 50.0, 50.0, 50.0, 50.0, 50.0, 50.0, 50.0, 50.0, 50.0, 50.0, 50.0, 50.0, 50.0, 50.0, 50.0, 50.0, 50.0, 50.0, 50.0, 50.0, 50.0, 50.0, 50.0, 50.0, 50.0, 50.0, 50.0, 50.0, 50.0, 50.0, 50.0, 50.0, 48.57709545208367, 46.64535870808105]",1.03,1.03,21.091811656951904
592,2.639727512344283,2.2293024074268537,1.88287709766277,18.250499211796438,0.20107603490352585,50.0,1.4860753959507962,50,"(0.1,)",1,[50.0],[18.250499211796438],50.0,"[50.0, 50.0, 50.0, 50.0, 50.0, 50.0, 50.0, 50.0, 50.0, 50.0, 50.0, 50.0, 50.0, 50.0, 50.0, 50.0, 50.0, 50.0, 50.0, 50.0, 50.0, 50.0, 50.0, 50.0, 50.0, 50.0, 50.0, 50.0, 50.0, 50.0, 50.0, 50.0, 50.0, 50.0, 50.0, 50.0, 50.0, 50.0, 50.0, 50.0, 50.0, 50.0, 50.0, 50.0, 50.0, 50.0, 50.0, 50.0, 50.0, 50.0, 50.0, 50.0, 50.0, 50.0, 50.0, 50.0, 50.0, 50.0, 50.0, 50.0, 50.0, 50.0, 50.0, 50.0, 50.0, 50.0, 50.0, 50.0, 50.0, 50.0, 50.0, 50.0, 50.0, 50.0, 50.0, 50.0, 50.0, 50.0, 50.0, 50.0, 50.0, 50.0, 50.0, 50.0, 50.0, 50.0, 50.0, 50.0, 50.0, 50.0, 50.0, 50.0, 50.0, 50.0, 50.0, 50.0, 50.0, 50.0, 50.0, 50.0, 50.0, 50.0, 50.0, 50.0, 50.0, 50.0, 50.0, 50.0, 50.0, 50.0, 50.0, 50.0, 50.0, 50.0, 50.0, 50.0, 50.0, 50.0, 50.0, 50.0, 50.0, 50.0, 50.0, 50.0, 50.0, 50.0, 50.0, 50.0, 50.0, 50.0, 50.0, 50.0, 50.0, 50.0, 50.0, 50.0, 50.0, 50.0, 50.0, 50.0, 50.0, 50.0, 50.0, 50.0, 50.0, 50.0, 50.0, 50.0, 50.0, 50.0, 50.0, 50.0, 50.0, 50.0, 50.0, 50.0, 50.0, 50.0, 50.0, 50.0, 50.0, 50.0, 50.0, 50.0, 50.0, 50.0, 50.0, 50.0, 50.0, 50.0, 50.0, 50.0, 50.0, 50.0, 50.0, 50.0, 50.0, 50.0, 50.0, 50.0, 50.0, 50.0, 50.0, 50.0, 50.0, 50.0, 50.0, 50.0, 50.0, 50.0, 50.0, 50.0, 50.0, 50.0, 50.0, 50.0, 50.0, 50.0, 50.0]",2.0,2.0,39.23605561256409
593,2.7656236422512244,2.4311659849205567,1.645697412352985,18.970930009785086,0.09257819775713094,50.0,2.160397883981772,50,"(0.1,)",2,"[50.0, 113.2586005282906]","[18.970930009785086, 19.46691666102447]",50.0,"[50.0, 50.0, 50.0, 50.0, 50.0, 50.0, 50.0, 50.0, 50.0, 50.0, 50.0, 50.0, 50.0, 50.0, 50.0, 50.0, 50.0, 50.0, 50.0, 50.0, 50.0, 50.0, 50.0, 50.0, 50.0, 50.0, 50.0, 50.0, 50.0, 50.0, 50.0, 50.0, 50.0, 50.0, 50.0, 50.0, 50.0, 50.0, 50.0, 50.0, 50.0, 50.0, 50.0, 50.0, 50.0, 50.0, 50.0, 50.0, 50.0, 50.0, 50.0, 50.0, 50.0, 50.0, 50.0, 50.0, 50.0, 50.0, 50.0, 50.0, 50.0, 50.0, 50.0, 50.0, 50.0, 50.0, 50.0, 50.0, 50.0, 50.0, 50.0, 50.0, 50.0, 50.0, 50.0, 50.0, 50.0, 50.0, 50.0, 50.0, 50.0, 48.57709545208367, 46.64535870808105]",0.83,0.83,16.68140149116516
617,2.812000975918917,2.809708233434233,1.328153144576496,20.015449893767357,3.0490955058976756,50.0,17.107392839476496,50,"(0.1,)",1,[50.0],[20.015449893767357],50.0,"[50.0, 50.0, 50.0, 50.0, 50.0, 50.0, 50.0, 50.0, 50.0, 50.0, 50.0, 50.0, 50.0, 50.0, 50.0, 50.0, 50.0, 50.0, 50.0, 50.0, 50.0, 50.0, 50.0, 50.0, 50.0, 50.0, 50.0, 50.0, 50.0, 50.0, 50.0, 50.0, 50.0, 50.0, 50.0, 50.0, 50.0, 50.0, 50.0, 50.0, 50.0, 50.0, 50.0, 50.0, 50.0, 50.0, 50.0, 50.0, 50.0, 50.0, 50.0, 50.0, 50.0, 50.0, 50.0, 50.0, 50.0, 50.0, 50.0, 50.0, 50.0, 50.0, 50.0, 50.0, 50.0, 50.0, 50.0, 50.0, 50.0, 50.0, 50.0, 50.0, 50.0, 50.0, 50.0, 50.0, 50.0, 50.0, 50.0, 50.0, 50.0, 50.0, 50.0, 50.0, 50.0, 50.0, 50.0, 50.0, 50.0, 50.0, 50.0, 50.0, 50.0, 50.0, 50.0, 50.0, 50.0, 50.0, 50.0, 50.0, 50.0, 50.0, 50.0, 50.0, 50.0, 50.0, 50.0, 50.0, 50.0, 50.0, 50.0, 50.0, 50.0, 50.0, 50.0, 50.0, 50.0, 50.0, 50.0, 50.0, 50.0, 50.0, 50.0, 50.0, 50.0, 50.0, 50.0, 50.0, 50.0, 50.0, 50.0, 50.0, 50.0, 50.0, 50.0, 50.0, 50.0, 50.0, 50.0, 50.0, 50.0, 50.0, 50.0, 50.0, 50.0, 50.0, 50.0, 50.0, 50.0, 50.0, 50.0, 50.0, 50.0, 50.0, 50.0, 50.0, 50.0, 50.0, 50.0, 50.0, 50.0, 50.0, 50.0, 50.0, 50.0, 50.0, 50.0, 50.0, 50.0, 50.0, 50.0, 50.0, 50.0, 50.0, 50.0, 50.0, 50.0, 50.0, 50.0, 50.0, 50.0, 50.0, 50.0, 50.0, 50.0, 50.0, 50.0, 50.0, 50.0, 50.0, 50.0, 50.0, 50.0, 50.0, 50.0, 50.0, 50.0, 50.0, 50.0]",2.0,2.0,39.17123317718506
626,2.884780929684858,2.8238997911958634,1.2673853543354774,20.015449893767357,3.108969827717825,50.0,0.8234063137129229,50,"(0.1,)",1,[50.0],[20.015449893767357],50.0,"[50.0, 50.0, 50.0, 50.0, 50.0, 50.0, 50.0, 50.0, 50.0, 50.0, 50.0, 50.0, 50.0, 50.0, 50.0, 50.0, 50.0, 50.0, 50.0, 50.0, 50.0, 50.0, 50.0, 50.0, 50.0, 50.0, 50.0, 50.0, 50.0, 50.0, 50.0, 50.0, 50.0, 50.0, 50.0, 50.0, 50.0, 50.0, 50.0, 50.0, 50.0, 50.0, 50.0, 50.0, 50.0, 50.0, 50.0, 50.0, 50.0, 50.0, 50.0, 50.0, 50.0, 50.0, 50.0, 50.0, 50.0, 50.0, 50.0, 50.0, 50.0, 50.0, 50.0, 50.0, 50.0, 50.0, 50.0, 50.0, 50.0, 50.0, 50.0, 50.0, 50.0, 50.0, 50.0, 50.0, 50.0, 50.0, 50.0, 50.0, 50.0, 50.0, 50.0, 50.0, 50.0, 50.0, 50.0, 50.0, 50.0, 50.0, 50.0, 50.0, 50.0, 50.0, 50.0, 50.0, 50.0, 50.0, 50.0, 50.0, 50.0, 50.0, 50.0, 50.0, 50.0, 50.0, 50.0, 50.0, 50.0, 50.0, 50.0, 50.0, 50.0, 50.0, 50.0, 50.0, 50.0, 50.0, 50.0, 50.0, 50.0, 50.0, 50.0, 50.0, 50.0, 50.0, 50.0, 50.0, 50.0, 50.0, 50.0, 50.0, 50.0, 50.0, 50.0, 50.0, 50.0, 50.0, 50.0, 50.0, 50.0, 50.0, 50.0, 50.0, 50.0, 50.0, 50.0, 50.0, 50.0, 50.0, 50.0, 50.0, 50.0, 50.0, 50.0, 50.0, 50.0, 50.0, 50.0, 50.0, 50.0, 50.0, 50.0, 50.0, 50.0, 50.0, 50.0, 50.0, 50.0, 50.0, 50.0, 50.0, 50.0, 50.0, 50.0, 50.0, 50.0, 50.0, 50.0, 50.0, 50.0, 50.0, 50.0, 50.0, 50.0, 50.0, 50.0, 50.0, 50.0, 50.0, 50.0, 50.0, 50.0, 50.0, 50.0, 50.0, 50.0, 50.0, 50.0]",2.0,2.0,39.485986948013306
681,2.358376485034557,2.2791732696770817,2.024832654329039,18.05274719586128,1.7069377019938596,50.0,9.31062526436761,50,"(0.1,)",1,[50.0],[18.05274719586128],50.0,"[50.0, 50.0, 50.0, 50.0, 50.0, 50.0, 50.0, 50.0, 50.0, 50.0, 50.0, 50.0, 50.0, 50.0, 50.0, 50.0, 50.0, 50.0, 50.0, 50.0, 50.0, 50.0, 50.0, 50.0, 50.0, 50.0, 50.0, 50.0, 50.0, 50.0, 50.0, 50.0, 50.0, 50.0, 50.0, 50.0, 50.0, 50.0, 50.0, 50.0, 50.0, 50.0, 50.0, 50.0, 50.0, 50.0, 50.0, 50.0, 48.50906809153635, 44.243758503311014]",0.5,0.5,10.419509887695312
690,2.016953415915861,2.70385013093374,2.0243221115111734,18.633040766661633,1.5871179725423545,50.0,20.433771333593107,50,"(0.1,)",2,"[50.0, 113.2586005282906]","[18.633040766661633, 20.4409304597224]",50.0,"[50.0, 50.0, 50.0, 50.0, 50.0, 50.0, 48.12929703404222, 48.12929703404222, 48.12929703404222, 46.90328671501625]",0.07,0.1,2.297895908355713
784,2.68536542980886,6.853699418693169,1.2238871500986286,20.497619414156123,2.6526447703369613,50.0,10.771825531085096,50,"(0.1,)",2,"[50.0, 102.33872150138738]","[20.497619414156123, 18.45415848823999]",50.0,"[50.0, 50.0, 50.0, 50.0, 50.0, 50.0, 50.0, 50.0, 50.0, 50.0, 50.0, 50.0, 50.0, 50.0, 50.0, 50.0, 50.0, 50.0, 50.0, 49.60642111844759, 48.76255362611352, 48.76255362611352, 48.76255362611352, 48.76255362611352, 48.76255362611352, 48.76255362611352, 47.3365800457028]",0.27,0.27,5.304004907608032
785,2.1840038112251636,7.5192633312207935,2.015781105983241,19.17534419733139,2.931629073638265,50.0,21.752387911684263,50,"(0.1,)",1,[50.0],[19.17534419733139],50.0,"[50.0, 50.0, 50.0, 50.0, 50.0, 50.0, 50.0, 50.0, 50.0, 50.0, 50.0, 50.0, 50.0, 50.0, 50.0, 50.0, 50.0, 50.0, 50.0, 50.0, 50.0, 50.0, 50.0, 50.0, 50.0, 50.0, 50.0, 50.0, 50.0, 50.0, 50.0, 50.0, 50.0, 50.0, 50.0, 50.0, 50.0, 50.0, 50.0, 50.0, 50.0, 50.0, 50.0, 50.0, 50.0, 50.0, 50.0, 50.0, 50.0, 50.0, 50.0, 50.0, 50.0, 50.0, 50.0, 50.0, 50.0, 50.0, 50.0, 50.0, 50.0, 50.0, 50.0, 50.0, 50.0, 50.0, 50.0, 50.0, 50.0, 50.0, 50.0, 50.0, 50.0, 50.0, 50.0, 50.0, 50.0, 50.0, 50.0, 50.0, 50.0, 50.0, 50.0, 50.0, 50.0, 50.0, 50.0, 50.0, 50.0, 50.0, 50.0, 50.0, 50.0, 50.0, 50.0, 50.0, 50.0, 50.0, 50.0, 50.0, 50.0, 50.0, 50.0, 50.0, 50.0, 50.0, 50.0, 50.0, 50.0, 50.0, 50.0, 50.0, 50.0, 50.0, 50.0, 50.0, 50.0, 50.0, 50.0, 50.0, 50.0, 50.0, 50.0, 50.0, 50.0, 50.0, 50.0, 50.0, 50.0, 50.0, 50.0, 50.0, 50.0, 50.0, 50.0, 50.0, 50.0, 50.0, 50.0, 50.0, 50.0, 50.0, 50.0, 50.0, 50.0, 50.0, 50.0, 50.0, 50.0, 50.0, 50.0, 50.0, 50.0, 50.0, 50.0, 50.0, 50.0, 50.0, 50.0, 50.0, 50.0, 50.0, 50.0, 50.0, 50.0, 50.0, 50.0, 50.0, 50.0, 50.0, 50.0, 50.0, 50.0, 50.0, 50.0, 50.0, 50.0, 50.0, 50.0, 50.0, 50.0, 50.0, 50.0, 50.0, 50.0, 50.0, 50.0, 50.0, 50.0, 50.0, 50.0, 50.0, 50.0, 50.0, 50.0, 50.0, 50.0, 50.0, 50.0]",2.0,2.0,40.29436111450195
789,1.8114448288633862,8.096015801129969,2.6768956814866782,17.645207574986973,2.92717636743015,50.0,2.590163222973699,50,"(0.1,)",3,"[50.0, 56.16828418168198, 103.51536543574676]","[17.645207574986973, 16.37440388085007, 19.61680961062872]",39.241411211864374,"[38.326777074322194, 38.326777074322194, 37.80892405098908, 37.397533958264496, 35.92636567742723]",0.03,0.049999999999999996,1.4281809329986572
791,1.4842812413743602,8.564414408145,3.238826260517424,15.677394744736851,3.0575125575438125,50.0,3.837104173655447,50,"(0.1,)",5,"[50.0, 37.9760198532419, 40.134863490555986, 56.16828418168198, 79.74105540549463]","[15.677394744736851, 20.14060491540553, 18.26067086992596, 16.84063701308115, 17.022443816876557]",20.985729535801855,"[20.41426824137918, 20.41426824137918, 19.505021450445412]",0.03,0.03,1.0104539394378662
801,1.6276772345525663,7.911004665223662,2.6950306897382843,17.4171912701755,0.31395056905850244,50.0,13.48909795023456,50,"(0.1,)",1,[50.0],[17.4171912701755],50.0,"[50.0, 50.0, 50.0, 50.0, 50.0, 50.0, 50.0, 50.0, 50.0, 50.0, 50.0, 50.0, 50.0, 50.0, 50.0, 50.0, 50.0, 50.0, 50.0, 50.0, 50.0, 50.0, 50.0, 50.0, 50.0, 50.0, 50.0, 50.0, 50.0, 50.0, 50.0, 50.0, 50.0, 50.0, 50.0, 50.0, 50.0, 50.0, 50.0, 50.0, 50.0, 50.0, 50.0, 50.0, 50.0, 50.0, 50.0, 50.0, 50.0, 50.0, 50.0, 50.0, 50.0, 50.0, 50.0, 50.0, 50.0, 50.0, 50.0, 50.0, 50.0, 50.0, 50.0, 50.0, 50.0, 50.0, 50.0, 50.0, 50.0, 50.0, 50.0, 50.0, 50.0, 50.0, 50.0, 50.0, 50.0, 50.0, 50.0, 50.0, 50.0, 50.0, 50.0, 50.0, 50.0, 50.0, 50.0, 50.0, 50.0, 50.0, 50.0, 50.0, 50.0, 50.0, 50.0, 50.0, 50.0, 50.0, 50.0, 50.0, 50.0, 50.0, 50.0, 50.0, 50.0, 50.0, 50.0, 50.0, 50.0, 50.0, 50.0, 50.0, 50.0, 50.0, 50.0, 50.0, 50.0, 50.0, 50.0, 50.0, 50.0, 50.0, 50.0, 50.0, 50.0, 50.0, 50.0, 50.0, 50.0, 50.0, 50.0, 50.0, 50.0, 50.0, 50.0, 50.0, 50.0, 50.0, 50.0, 50.0, 50.0, 50.0, 50.0, 50.0, 50.0, 50.0, 50.0, 50.0, 50.0, 50.0, 50.0, 50.0, 50.0, 50.0, 45.456137576570555]",1.55,1.55,31.374677896499634
804,2.6200182510250993,6.816741533016475,1.2641418900828496,20.497619414156123,2.6728171960146927,50.0,1.6762201520466802,50,"(0.1,)",1,[50.0],[20.497619414156123],50.0,"[50.0, 50.0, 50.0, 50.0, 50.0, 50.0, 50.0, 50.0, 50.0, 50.0, 50.0, 50.0, 50.0, 50.0, 50.0, 50.0, 50.0, 50.0, 50.0, 50.0, 50.0, 50.0, 50.0, 50.0, 50.0, 50.0, 50.0, 50.0, 50.0, 50.0, 50.0, 50.0, 50.0, 50.0, 50.0, 50.0, 50.0, 50.0, 50.0, 50.0, 50.0, 50.0, 50.0, 50.0, 50.0, 50.0, 50.0, 50.0, 50.0, 50.0, 50.0, 50.0, 50.0, 50.0, 50.0, 50.0, 50.0, 50.0, 50.0, 50.0, 50.0, 50.0, 50.0, 50.0, 50.0, 50.0, 50.0, 50.0, 50.0, 50.0, 50.0, 50.0, 50.0, 50.0, 50.0, 50.0, 50.0, 50.0, 50.0, 50.0, 50.0, 50.0, 50.0, 50.0, 50.0, 50.0, 50.0, 50.0, 50.0, 50.0, 50.0, 50.0, 50.0, 50.0, 50.0, 50.0, 50.0, 50.0, 50.0, 50.0, 50.0, 50.0, 50.0, 50.0, 50.0, 50.0, 50.0, 50.0, 50.0, 50.0, 50.0, 50.0, 50.0, 50.0, 50.0, 50.0, 50.0, 50.0, 50.0, 50.0, 50.0, 50.0, 50.0, 50.0, 45.456137576570555]",1.25,1.25,24.607980012893677
805,3.008888243967722,6.33427147359549,0.745887602920978,20.226832085618614,0.8787078396433483,50.0,10.37136803261397,50,"(0.1,)",1,[50.0],[20.226832085618614],50.0,"[50.0, 50.0, 50.0, 50.0, 50.0, 50.0, 50.0, 50.0, 50.0, 50.0, 50.0, 50.0, 50.0, 50.0, 50.0, 50.0, 50.0, 50.0, 50.0, 50.0, 50.0, 50.0, 50.0, 50.0, 50.0, 50.0, 50.0, 50.0, 50.0, 50.0, 50.0, 50.0, 50.0, 50.0, 50.0, 50.0, 50.0, 50.0, 50.0, 50.0, 50.0, 50.0, 50.0, 50.0, 50.0, 50.0, 50.0, 50.0, 50.0, 50.0, 50.0, 50.0, 50.0, 50.0, 50.0, 50.0, 50.0, 50.0, 50.0, 50.0, 50.0, 50.0, 50.0, 50.0, 50.0, 50.0, 50.0, 50.0, 50.0, 50.0, 50.0, 50.0, 50.0, 50.0, 50.0, 50.0, 50.0, 50.0, 50.0, 50.0, 50.0, 50.0, 50.0, 50.0, 50.0, 50.0, 50.0, 50.0, 50.0, 50.0, 50.0, 50.0, 50.0, 50.0, 50.0, 50.0, 50.0, 50.0, 50.0, 50.0, 50.0, 50.0, 50.0, 50.0, 50.0, 50.0, 50.0, 50.0, 50.0, 50.0, 50.0, 50.0, 50.0, 50.0, 50.0, 45.456137576570555]",1.16,1.16,23.066299200057983
810,2.8552698992905907,6.419985928362923,0.9107344118659811,20.245778013064005,2.343402223682096,50.0,2.0516670234845815,50,"(0.1,)",1,[50.0],[20.245778013064005],50.0,"[50.0, 50.0, 50.0, 50.0, 50.0, 50.0, 50.0, 50.0, 50.0, 50.0, 50.0, 50.0, 50.0, 50.0, 50.0, 50.0, 50.0, 50.0, 50.0, 50.0, 50.0, 50.0, 50.0, 50.0, 50.0, 50.0, 50.0, 50.0, 50.0, 50.0, 50.0, 50.0, 50.0, 50.0, 50.0, 50.0, 50.0, 50.0, 50.0, 50.0, 50.0, 50.0, 50.0, 50.0, 50.0, 50.0, 50.0, 50.0, 50.0, 50.0, 50.0, 50.0, 50.0, 50.0, 50.0, 50.0, 50.0, 50.0, 50.0, 50.0, 50.0, 50.0, 50.0, 50.0, 45.456137576570555]",0.65,0.65,12.883052825927734
811,3.0910883643027054,6.110335172273495,0.6735508947074145,19.588303710315863,1.0718110284442903,50.0,25.157250726122165,50,"(0.1,)",1,[50.0],[19.588303710315863],50.0,"[50.0, 50.0, 50.0, 50.0, 50.0, 50.0, 50.0, 50.0, 50.0, 50.0, 50.0, 50.0, 50.0, 50.0, 50.0, 50.0, 50.0, 50.0, 50.0, 50.0, 50.0, 50.0, 50.0, 50.0, 50.0, 50.0, 50.0, 50.0, 50.0, 50.0, 50.0, 50.0, 50.0, 50.0, 50.0, 50.0, 50.0, 50.0, 50.0, 50.0, 50.0, 50.0, 50.0, 50.0, 50.0, 50.0, 50.0, 50.0, 50.0, 50.0, 50.0, 50.0, 50.0, 50.0, 45.456137576570555]",0.55,0.55,11.0201416015625
814,3.4355984493361325,6.015579795367219,0.3921749193917421,19.318936885290178,1.4407910727893365,50.0,5.183770415260132,50,"(0.1,)",2,"[50.0, 52.403840914692104]","[19.318936885290178, 18.893793215861976]",50.0,"[50.0, 50.0, 50.0, 50.0, 50.0, 50.0, 50.0, 50.0, 50.0, 50.0, 50.0, 50.0, 50.0, 49.135714723805165, 43.77940517129724]",0.15,0.15,3.2840700149536133
832,5.941133313146563,2.287575583022688,1.4946851861242387,14.494596876621566,2.385097812572771,50.0,2.933806033985086,50,"(0.1,)",6,"[50.0, 37.9760198532419, 54.9873571959253, 53.85388992568244, 79.74105540549463, 175.49967280408384]","[14.494596876621566, 18.98946638266248, 19.179350574668813, 18.738260926334632, 18.312496491994928, 19.904603991111678]",16.217879841259432,"[16.217879841259432, 16.150443818788823, 15.56838071323366, 16.150443818788823, 16.150443818788823, 16.150443818788823, 15.56838071323366, 15.56838071323366, 15.56838071323366, 15.56838071323366, 15.56838071323366, 15.56838071323366, 15.56838071323366, 16.028817656705986, 16.028817656705986, 16.028817656705986, 16.028817656705986, 16.028817656705986, 16.028817656705986, 15.56838071323366, 16.150443818788823, 16.150443818788823, 16.028817656705986, 15.430450095896461, 15.430450095896461, 15.430450095896461, 15.430450095896461, 15.244581355000406]",0.03,0.28,6.318695306777954
833,6.083398954850293,2.081753798973217,1.6765444507931393,13.885672794024316,2.3547652590522747,50.0,0.9590490368152373,50,"(0.1,)",4,"[50.0, 54.9873571959253, 53.85388992568244, 79.74105540549463]","[13.885672794024316, 19.974559619693096, 20.006709534398045, 15.397386010898222]",23.35257106985049,"[23.35257106985049, 23.35257106985049, 23.35257106985049, 24.04322648505898, 24.04322648505898, 23.35257106985049, 24.04322648505898, 24.04322648505898, 24.04322648505898, 23.35257106985049, 24.225665728183237, 23.35257106985049, 23.35257106985049, 23.14567514384469, 23.14567514384469, 23.14567514384469, 23.14567514384469, 22.86687203250061, 22.86687203250061, 22.521890988212704, 22.521890988212704, 22.521890988212704, 20.68389270617699]",0.19999999999999998,0.22999999999999998,4.5813586711883545
834,6.104562742457357,2.051995925040182,1.7042211812032122,14.317665857805098,0.7499150790622586,50.0,1.7266270028519708,50,"(0.1,)",3,"[50.0, 53.85388992568244, 79.74105540549463]","[14.317665857805098, 19.915509186341996, 16.668061192084302]",32.05763531341197,"[32.300887637577645, 31.13676142646732, 32.05763531341197, 30.860900191792922, 30.860900191792922, 30.860900191792922, 30.860900191792922, 30.489162710000812, 30.489162710000812, 30.029187984283602]",0.04,0.1,2.107137441635132
951,7.731056259412974,7.003558602177838,1.6617395134203703,19.41517479297532,2.7505775461206587,50.0,4.169962164475825,50,"(0.1,)",4,"[50.0, 53.85388992568244, 130.1888546168583, 30.237307130834502]","[19.41517479297532, 19.5061090557964, 14.982381602274657, 15.967753098558513]",32.32997161931002,"[32.32997161931002, 32.32997161931002, 32.67774553441328, 32.634203832425214, 32.95444747820734, 33.151919080001235, 33.151919080001235, 33.40450172732106, 33.262003736573895, 33.262003736573895, 33.262003736573895, 33.151919080001235, 33.151919080001235, 33.151919080001235, 33.23436219839685, 33.23436219839685, 33.151919080001235, 32.95444747820734, 32.95444747820734, 32.95444747820734, 32.98130730548029, 32.98130730548029, 32.653602712531466, 32.653602712531466, 32.653602712531466, 32.653602712531466, 32.67774553441328, 32.98130730548029, 32.98130730548029, 32.98130730548029, 32.67774553441328, 32.67774553441328, 32.32997161931002, 32.25940878186855, 31.806540864477935, 31.452510355422522, 30.754065027579944, 30.167799075943623]",0.37,0.38,8.316441774368286
952,7.366636175320373,6.682403989912426,1.1974345737977905,19.982332666525867,0.4003995414055984,50.0,3.074173400775146,50,"(0.1,)",3,"[50.0, 130.1888546168583, 30.237307130834502]","[19.982332666525867, 18.26175577232454, 16.301107137904896]",44.34933831543186,"[44.34933831543186, 44.20255877333498, 44.20255877333498, 44.20255877333498, 44.3124829311958, 44.20255877333498, 44.20255877333498, 43.93926330427645, 43.93926330427645, 43.93926330427645, 43.97507640730706, 43.97507640730706, 43.97507640730706, 43.53813695004195, 43.53813695004195, 43.53813695004195, 43.57032737921771, 43.97507640730706, 43.97507640730706, 43.97507640730706, 43.57032737921771, 43.57032737921771, 43.1066288257467, 43.012545042491396, 42.40872115263724, 41.93668047389669]",0.24,0.26,5.098133087158203
953,7.51130269318796,6.818841769434103,1.3836420933522233,19.795265507002846,2.6012850568041523,50.0,4.316100003330519,50,"(0.1,)",3,"[50.0, 130.1888546168583, 30.237307130834502]","[19.795265507002846, 20.093695080419806, 17.62177721227897]",43.93926330427645,"[43.97507640730706, 43.97507640730706, 43.53813695004195, 43.53813695004195, 43.53813695004195, 43.53813695004195, 43.57032737921771, 43.97507640730706, 43.97507640730706, 43.97507640730706, 43.57032737921771, 43.57032737921771, 43.57032737921771, 43.012545042491396, 42.40872115263724, 42.40872115263724, 41.00542003677326]",0.15,0.16999999999999998,3.402316093444824
954,7.585057103754492,6.944208237391,1.5047599632987485,19.81160593410657,2.7718184784638074,50.0,1.6718499609990587,50,"(0.1,)",4,"[50.0, 53.85388992568244, 130.1888546168583, 30.237307130834502]","[19.81160593410657, 17.43618193195607, 20.104070346927184, 18.992921921127664]",32.98130730548029,"[32.67774553441328, 32.67774553441328, 32.32997161931002, 32.25940878186855, 31.806540864477935, 31.452510355422522, 30.754065027579944]",0.049999999999999996,0.07,1.8293991088867188
955,8.299887227259433,7.746073999353179,2.537769701139562,17.5454196462948,2.887536241100486,50.0,23.724584924608614,50,"(0.1,)",4,"[50.0, 43.12042296978449, 130.1888546168583, 30.237307130834502]","[17.5454196462948, 16.14546145417664, 14.765768939064145, 16.18861537389076]",29.268148414990442,[27.221435496046933],0.01,0.01,0.7858977317810059
956,8.848329225437388,8.44770019912492,3.4031163554888586,14.716564093885292,2.8781193004278434,50.0,6.29214514417967,50,"(0.1,)",4,"[50.0, 43.12042296978449, 130.1888546168583, 30.237307130834502]","[14.716564093885292, 14.55590482863128, 8.514936368814027, 17.47602195342177]",24.68315836976048,"[23.949568066812258, 23.949568066812258, 23.21510115551089]",0.03,0.03,1.2724635601043701
991,8.369463639320804,8.077250439997824,2.798387087033391,16.703269932678175,2.929058188482898,50.0,1.5686162871198353,50,"(0.1,)",4,"[50.0, 130.1888546168583, 39.35211818797064, 103.51536543574676]","[16.703269932678175, 12.151597003207186, 16.022721934451514, 19.435263298165466]",27.896013082732523,"[27.494290628649914, 27.188518923373124, 26.7789565476272, 27.188518923373124, 27.896013082732523, 28.58952765371604, 28.58952765371604, 29.265226761873873, 29.607082106517968, 29.265226761873873, 29.265226761873873, 28.58952765371604, 28.58952765371604, 27.896013082732523, 27.494290628649914, 27.494290628649914, 26.7789565476272, 26.7789565476272, 26.7789565476272, 27.188518923373124, 27.188518923373124, 27.188518923373124, 28.947218199865517, 29.607082106517968, 29.607082106517968, 30.521109215646128, 30.521109215646128, 30.521109215646128, 30.521109215646128, 31.099170563763444, 31.3024544294576, 31.806540864477935, 31.919023371417452, 31.919023371417452, 31.919023371417452, 31.919023371417452, 32.25940878186855, 32.32997161931002, 32.33672966948085, 32.634203832425214, 32.85609834322335, 32.85609834322335, 32.85609834322335, 32.85609834322335, 32.85609834322335, 32.85609834322335, 32.85609834322335, 32.634203832425214, 32.634203832425214, 32.67774553441328, 32.32997161931002, 32.32997161931002, 31.806540864477935, 31.099170563763444, 30.167799075943623, 29.54947072916856, 28.904372400515243, 28.904372400515243, 27.92023817001077, 27.92023817001077, 26.86003530038118, 26.140571880776907]",0.03,0.62,12.39834713935852
992,8.1208600033355,7.786874650265853,2.421177573560083,17.75298456485117,2.9529188887630298,50.0,3.8779247211563623,50,"(0.1,)",5,"[50.0, 116.2223435017718, 84.95963558771903, 39.35211818797064, 103.51536543574676]","[17.75298456485117, 17.272980129744088, 17.44262341645484, 17.3487220071535, 18.877184183084164]",23.685665685214374,"[23.412181409499098, 22.871622122972834, 22.558351548369885, 22.31681046618602]",0.019999999999999997,0.04,1.440148115158081
994,8.038361722952029,7.520136281443605,2.193509476970487,18.311946207974476,0.33943042709107657,50.0,9.839198327330987,50,"(0.1,)",4,"[50.0, 116.2223435017718, 39.35211818797064, 103.51536543574676]","[18.311946207974476, 17.803151959758694, 17.3487220071535, 19.447413347306103]",30.521109215646128,"[31.3024544294576, 31.806540864477935, 31.919023371417452, 31.919023371417452, 31.919023371417452, 31.919023371417452, 32.25940878186855, 32.32997161931002, 32.33672966948085, 32.634203832425214, 32.85609834322335, 32.85609834322335, 32.85609834322335, 32.85609834322335, 32.85609834322335, 32.85609834322335, 32.85609834322335, 32.634203832425214, 32.634203832425214, 32.67774553441328, 32.32997161931002, 32.32997161931002, 31.806540864477935, 31.099170563763444, 30.167799075943623, 29.54947072916856, 28.904372400515243]",0.26,0.27,5.370483160018921
995,7.710816973775543,6.994799577282788,1.6397294414601928,19.419290075127503,0.5559137113187057,50.0,14.883242257684486,50,"(0.1,)",2,"[50.0, 103.51536543574676]","[19.419290075127503, 19.447413347306103]",50.0,"[50.0, 50.0, 50.0, 50.0, 50.0, 50.0, 50.0, 50.0, 50.0, 50.0, 50.0, 50.0, 50.0, 50.0, 50.0, 50.0, 50.0, 50.0, 50.0, 50.0, 50.0, 50.0, 50.0, 48.55908782886754, 48.55908782886754, 48.55908782886754, 47.088486423315786]",0.27,0.27,5.28275465965271
1011,7.990749926187584,7.988619040574569,2.460285852044537,17.62177721227897,3.0905480936659986,50.0,10.108010989357851,50,"(0.1,)",2,"[50.0, 175.49967280408384]","[17.62177721227897, 14.201323691333023]",50.0,"[50.0, 50.0, 50.0, 50.0, 50.0, 50.0, 50.0, 50.0, 50.0, 50.0, 50.0, 50.0, 50.0, 50.0, 50.0, 50.0, 50.0, 50.0, 50.0, 50.0, 50.0, 50.0, 50.0, 50.0, 50.0, 50.0, 50.0, 50.0, 50.0, 50.0, 50.0, 50.0, 50.0, 49.816864403961326, 49.816864403961326, 50.0, 50.0, 50.0, 50.0, 50.0, 50.0, 50.0, 50.0, 50.0, 50.0, 50.0, 50.0, 49.816864403961326, 48.36691558149277, 46.91585185235902]",0.49,0.5,9.169411897659302
1020,7.680178336580483,7.613942927784451,1.9762971397736064,18.758147777325153,0.10171032721877771,50.0,6.3622121868556825,50,"(0.1,)",1,[50.0],[18.758147777325153],50.0,"[50.0, 50.0, 50.0, 50.0, 50.0, 50.0, 50.0, 50.0, 50.0, 50.0, 50.0, 50.0, 50.0, 50.0, 50.0, 50.0, 50.0, 50.0, 50.0, 50.0, 50.0, 50.0, 50.0, 50.0, 50.0, 50.0, 50.0, 50.0, 50.0, 50.0, 50.0, 50.0, 50.0, 50.0, 50.0, 50.0, 50.0, 50.0, 50.0, 50.0, 50.0, 50.0, 50.0, 50.0, 50.0, 50.0, 50.0, 50.0, 50.0, 50.0, 50.0, 50.0, 50.0, 50.0, 50.0, 50.0, 50.0, 50.0, 50.0, 50.0, 50.0, 50.0, 50.0, 50.0, 50.0, 49.999090054273765, 49.999090054273765, 49.999090054273765, 50.0, 50.0, 50.0, 50.0, 49.999090054273765, 50.0, 50.0, 50.0, 50.0, 50.0, 50.0, 50.0, 50.0, 50.0, 50.0, 50.0, 50.0, 50.0, 50.0, 50.0, 50.0, 50.0, 50.0, 50.0, 50.0, 50.0, 50.0, 50.0, 50.0, 50.0, 50.0, 50.0, 50.0, 50.0, 50.0, 50.0, 50.0, 50.0, 50.0, 50.0, 50.0, 50.0, 50.0, 50.0, 50.0, 50.0, 50.0, 50.0, 50.0, 50.0, 38.004408172054134]",1.19,1.19,23.601320028305054
